2026-08-15 22:12:04,167 - 🧠 Загружено 0 фактов
2026-08-15 22:12:04,167 - ==================================================
2026-08-15 22:12:04,167 - 🌟 АУРА Optimized — Быстрая и чёткая
2026-08-15 22:12:04,167 - 🔊 Скажите 'АУРА' для активации
2026-08-15 22:12:04,167 - 🛑 'стоп' или 'замолчи' — прервать
2026-08-15 22:12:04,167 - 📝 'запомни [тема] — [факт]' — запомнить
2026-08-15 22:12:04,167 - 🎵 'включи музыку' — играть MP3
2026-08-15 22:12:04,167 - ==================================================
2026-08-15 22:12:04,167 - 🎤 АУРА Optimized запущена!
2026-08-15 22:12:04,924 - 🎤 Слушаю...
2026-08-15 22:12:07,421 - 🎤 Слушаю...
2026-08-15 22:12:09,575 - 🎤 Слушаю...
2026-08-15 22:12:12,301 - 🎤 Слушаю...
2026-08-15 22:12:15,350 - 🎤 Слушаю...
2026-08-15 22:12:18,514 - 🧠 Модель загружена
2026-08-15 22:12:20,577 - 💤 Слышу: 'Скrutie ,'
2026-08-15 22:12:21,327 - 🎤 Слушаю...
2026-08-15 22:12:23,021 - 🎤 Слушаю...
2026-08-15 22:12:27,279 - 💤 Слышу: 'Скорdo coverup in your YouTube account.'
2026-08-15 22:12:27,992 - 🎤 Слушаю...
2026-08-15 22:12:30,040 - 🎤 Слушаю...
2026-08-15 22:12:32,451 - 🎤 Слушаю...
2026-08-15 22:12:34,950 - 💤 Слышу: 'Время.'
2026-08-15 22:12:36,156 - 🎤 Слушаю...
2026-08-15 22:12:38,495 - 🎤 Слушаю...
2026-08-15 22:12:40,270 - 🎤 Слушаю...
2026-08-15 22:12:43,730 - 💤 Слышу: 'А у нас колька времени.'
2026-08-15 22:12:44,430 - 🎤 Слушаю...
2026-08-15 22:12:46,414 - 🎤 Слушаю...
2026-08-15 22:12:48,632 - 🎤 Слушаю...
2026-08-15 22:12:50,870 - 🎤 Слушаю...
2026-08-15 22:12:53,696 - 🎤 Слушаю...
2026-08-15 22:12:56,616 - 🎤 Слушаю...
2026-08-15 22:12:59,306 - 🎤 Слушаю...
2026-08-15 22:13:02,275 - 🎤 Слушаю...
2026-08-15 22:13:05,104 - 🎤 Слушаю...
2026-08-15 22:13:07,172 - 🎤 Слушаю...
2026-08-15 22:13:09,515 - 🎤 Слушаю...
2026-08-15 22:13:11,834 - 🎤 Слушаю...
2026-08-15 22:13:14,260 - 🎤 Слушаю...
2026-08-15 22:13:16,638 - 🎤 Слушаю...
2026-08-15 22:13:18,423 - 🎤 Слушаю...
2026-08-15 22:13:22,558 - 💤 Слышу: 'Хочешь, чтоб-то нет это arcade,assay, quartico de zita. А это este 형 не работает налевожение.'
2026-08-15 22:13:23,237 - 🎤 Слушаю...
2026-08-15 22:13:25,127 - 🎤 Слушаю...
2026-08-15 22:14:11,378 - 🧠 Загружено 0 фактов
2026-08-15 22:14:11,378 - ==================================================
2026-08-15 22:14:11,378 - 🌟 АУРА Optimized — Быстрая и чёткая
2026-08-15 22:14:11,378 - 🔊 Скажите 'АУРА' для активации
2026-08-15 22:14:11,378 - 🛑 'стоп' или 'замолчи' — прервать
2026-08-15 22:14:11,378 - 📝 'запомни [тема] — [факт]' — запомнить
2026-08-15 22:14:11,378 - 🎵 'включи музыку' — играть MP3
2026-08-15 22:14:11,378 - ==================================================
2026-08-15 22:14:11,378 - 🎤 АУРА Optimized запущена!
2026-08-15 22:14:12,084 - 🎤 Слушаю...
2026-08-15 22:14:14,803 - 🧠 Модель загружена
2026-08-15 22:14:15,277 - 💤 Слышу: ''
2026-08-15 22:14:16,054 - 🎤 Слушаю...
2026-08-15 22:14:21,344 - 💤 Слышу: 'Смотрите немного дейкам после Both That, all right. ... ... ... ... ... ... ... ... ... ...'
2026-08-15 22:14:22,038 - 🎤 Слушаю...
2026-08-15 22:14:23,825 - 🎤 Слушаю...
2026-08-15 22:14:25,717 - 🎤 Слушаю...
2026-08-15 22:14:27,415 - 🎤 Слушаю...
2026-08-15 22:14:31,019 - 💤 Слышу: 'Дм nauseа побелеть lavac.'
2026-08-15 22:14:31,707 - 🎤 Слушаю...
2026-08-15 22:14:34,308 - 💤 Слышу: 'А, а сколько времени?'
2026-08-15 22:14:35,042 - 🎤 Слушаю...
2026-08-15 22:14:36,856 - 🎤 Слушаю...
2026-08-15 22:14:38,797 - 🎤 Слушаю...
2026-08-15 22:14:41,857 - 💤 Слышу: ''
2026-08-15 22:14:42,531 - 🎤 Слушаю...
2026-08-15 22:14:47,511 - 💤 Слышу: 'Harris哥 Of Streaming'
2026-08-15 22:14:48,397 - 🎤 Слушаю...
2026-08-15 22:14:52,615 - 💤 Слышу: ''
2026-08-15 22:14:53,584 - 🎤 Слушаю...
2026-08-15 22:14:57,727 - 💤 Слышу: ''
2026-08-15 22:14:58,511 - 🎤 Слушаю...
2026-08-15 22:15:00,608 - 💤 Слышу: ''
2026-08-15 22:15:01,569 - 🎤 Слушаю...
2026-08-15 22:15:03,784 - 🎤 Слушаю...
2026-08-15 22:15:06,283 - 🎤 Слушаю...
2026-08-15 22:15:11,231 - 💤 Слышу: ''
2026-08-15 22:15:11,875 - 🎤 Слушаю...
2026-08-15 22:15:14,690 - 💤 Слышу: ''
2026-08-15 22:15:15,348 - 🎤 Слушаю...
2026-08-15 22:15:17,899 - 💤 Слышу: ''
2026-08-15 22:15:18,565 - 🎤 Слушаю...
2026-08-15 22:15:21,111 - 💤 Слышу: ''
2026-08-15 22:15:21,808 - 🎤 Слушаю...
2026-08-15 22:15:23,909 - 💤 Слышу: ''
2026-08-15 22:15:24,586 - 🎤 Слушаю...
2026-08-15 22:15:27,205 - 💤 Слышу: ''
2026-08-15 22:15:27,920 - 🎤 Слушаю...
2026-08-15 22:15:31,289 - 💤 Слышу: 'Гетох внезно. Роделе'
2026-08-15 22:15:31,956 - 🎤 Слушаю...
2026-08-15 22:15:34,831 - 💤 Слышу: ''
2026-08-15 22:15:35,560 - 🎤 Слушаю...
2026-08-15 22:15:37,362 - 🎤 Слушаю...
2026-08-15 22:15:39,148 - 💤 Слышу: ''
2026-08-15 22:15:39,856 - 🎤 Слушаю...
2026-08-15 22:15:44,311 - 💤 Слышу: '— Europe 2-3 СТОСМЗР Ann<|ru|>'
2026-08-15 22:15:44,980 - 🎤 Слушаю...
2026-08-15 22:15:47,156 - 🎤 Слушаю...
2026-08-15 22:15:49,140 - 🎤 Слушаю...
2026-08-15 22:15:51,885 - 💤 Слышу: ''
2026-08-15 22:15:52,574 - 🎤 Слушаю...
2026-08-15 22:15:54,900 - 🎤 Слушаю...
2026-08-15 22:15:56,949 - 🎤 Слушаю...
2026-08-15 22:15:59,316 - 🎤 Слушаю...
2026-08-15 22:16:01,663 - 🎤 Слушаю...
2026-08-15 22:16:04,095 - 🎤 Слушаю...
2026-08-15 22:16:07,114 - 💤 Слышу: ''
2026-08-15 22:16:07,936 - 🎤 Слушаю...
2026-08-15 22:16:10,026 - 🎤 Слушаю...
2026-08-15 22:16:17,888 - 💤 Слышу: 'ДИНАМИЧНАЯ МУЗЫКА'
2026-08-15 22:16:18,730 - 🎤 Слушаю...
2026-08-15 22:16:22,003 - 💤 Слышу: ''
2026-08-15 22:16:22,763 - 🎤 Слушаю...
2026-08-15 22:16:24,918 - 🎤 Слушаю...
2026-08-15 22:16:27,716 - 💤 Слышу: ''
2026-08-15 22:16:28,459 - 🎤 Слушаю...
2026-08-15 22:16:30,614 - 🎤 Слушаю...
2026-08-15 22:16:34,506 - 💤 Слышу: ''
2026-08-15 22:16:35,414 - 🎤 Слушаю...
2026-08-15 22:16:38,757 - 💤 Слышу: ''
2026-08-15 22:16:39,489 - 🎤 Слушаю...
2026-08-15 22:16:42,355 - 💤 Слышу: ''
2026-08-15 22:16:43,308 - 🎤 Слушаю...
2026-08-15 22:16:50,486 - 💤 Слышу: ''
2026-08-15 22:16:51,266 - 🎤 Слушаю...
2026-08-15 22:16:53,634 - 🎤 Слушаю...
2026-08-15 22:16:56,387 - 💤 Слышу: ''
2026-08-15 22:16:57,261 - 🎤 Слушаю...
2026-08-15 22:17:00,828 - 💤 Слышу: ''
2026-08-15 22:17:01,442 - 🎤 Слушаю...
2026-08-15 22:17:08,087 - 💤 Слышу: 'ДИНАМИЧНАЯ МУЗЫКА'
2026-08-15 22:17:09,037 - 🎤 Слушаю...
2026-08-15 22:17:13,677 - 💤 Слышу: ''
2026-08-15 22:17:14,691 - 🎤 Слушаю...
2026-08-15 22:17:17,080 - 🎤 Слушаю...
2026-08-15 22:17:19,108 - 🎤 Слушаю...
2026-08-15 22:17:21,560 - 🎤 Слушаю...
2026-08-15 22:17:23,694 - 🎤 Слушаю...
2026-08-15 22:17:26,582 - 💤 Слышу: ''
2026-08-15 22:17:27,427 - 🎤 Слушаю...
2026-08-15 22:17:30,453 - 💤 Слышу: ''
2026-08-15 22:17:31,268 - 🎤 Слушаю...
2026-08-15 22:17:33,422 - 🎤 Слушаю...
2026-08-15 22:17:35,470 - 🎤 Слушаю...
2026-08-15 22:17:39,445 - 💤 Слышу: ''
2026-08-15 22:17:40,185 - 🎤 Слушаю...
2026-08-15 22:17:47,407 - 💤 Слышу: ''
2026-08-15 22:17:48,228 - 🎤 Слушаю...
2026-08-15 22:17:54,798 - 💤 Слышу: ''
2026-08-15 22:17:55,655 - 🎤 Слушаю...
2026-08-15 22:17:59,886 - 💤 Слышу: ''
2026-08-15 22:18:00,709 - 🎤 Слушаю...
2026-08-15 22:18:02,971 - 🎤 Слушаю...
2026-08-15 22:18:07,389 - 💤 Слышу: ''
2026-08-15 22:18:08,197 - 🎤 Слушаю...
2026-08-15 22:18:10,502 - 🎤 Слушаю...
2026-08-15 22:18:13,915 - 🎤 Слушаю...
2026-08-15 22:18:16,924 - 🎤 Слушаю...
2026-08-15 22:18:23,992 - 💤 Слышу: ''
2026-08-15 22:18:24,689 - 🎤 Слушаю...
2026-08-15 22:18:28,348 - 💤 Слышу: ''
2026-08-15 22:18:29,191 - 🎤 Слушаю...
2026-08-15 22:18:31,813 - 💤 Слышу: ''
2026-08-15 22:18:32,689 - 🎤 Слушаю...
2026-08-15 22:18:40,941 - 💤 Слышу: ''
2026-08-15 22:18:41,821 - 🎤 Слушаю...
2026-08-15 22:18:51,720 - 💤 Слышу: ''
2026-08-15 22:18:52,381 - 🎤 Слушаю...
2026-08-15 22:18:54,805 - 💤 Слышу: ''
2026-08-15 22:18:55,539 - 🎤 Слушаю...
2026-08-15 22:18:57,629 - 🎤 Слушаю...
2026-08-15 22:19:02,032 - 💤 Слышу: 'ДИНАМИЧНАЯ МУЗЫКА'
2026-08-15 22:19:02,963 - 🎤 Слушаю...
2026-08-15 22:19:06,473 - 💤 Слышу: ''
2026-08-15 22:19:07,486 - 🎤 Слушаю...
2026-08-15 22:19:10,089 - 🎤 Слушаю...
2026-08-15 22:19:12,755 - 🎤 Слушаю...
2026-08-15 22:19:15,230 - 🎤 Слушаю...
2026-08-15 22:19:17,492 - 🎤 Слушаю...
2026-08-15 22:19:19,796 - 🎤 Слушаю...
2026-08-15 22:19:23,210 - 🎤 Слушаю...
2026-08-15 22:19:25,684 - 🎤 Слушаю...
2026-08-15 22:19:28,599 - 💤 Слышу: ''
2026-08-15 22:19:29,311 - 🎤 Слушаю...
2026-08-15 22:19:33,268 - 💤 Слышу: ''
2026-08-15 22:19:34,111 - 🎤 Слушаю...
2026-08-15 22:19:37,546 - 💤 Слышу: ''
2026-08-15 22:19:38,591 - 🎤 Слушаю...
2026-08-15 22:19:41,803 - 💤 Слышу: ''
2026-08-15 22:19:42,496 - 🎤 Слушаю...
2026-08-15 22:19:45,468 - 💤 Слышу: ''
2026-08-15 22:19:46,123 - 🎤 Слушаю...
2026-08-15 22:19:53,763 - 💤 Слышу: ''
2026-08-15 22:19:54,614 - 🎤 Слушаю...
2026-08-15 22:19:59,910 - 💤 Слышу: ''
2026-08-15 22:20:00,737 - 🎤 Слушаю...
2026-08-15 22:20:03,084 - 🎤 Слушаю...
2026-08-15 22:20:05,131 - 🎤 Слушаю...
2026-08-15 22:20:07,436 - 🎤 Слушаю...
2026-08-15 22:20:10,400 - 💤 Слышу: ''
2026-08-15 22:20:11,169 - 🎤 Слушаю...
2026-08-15 22:20:13,473 - 🎤 Слушаю...
2026-08-15 22:20:16,963 - 💤 Слышу: ''
2026-08-15 22:20:17,826 - 🎤 Слушаю...
2026-08-15 22:20:20,873 - 💤 Слышу: ''
2026-08-15 22:20:21,858 - 🎤 Слушаю...
2026-08-15 22:20:26,692 - 💤 Слышу: ''
2026-08-15 22:20:27,597 - 🎤 Слушаю...
2026-08-15 22:20:29,751 - 🎤 Слушаю...
2026-08-15 22:20:38,624 - 💤 Слышу: 'Редактор субтитров А.Синецкая Корректор А.Сухиашвили'
2026-08-15 22:20:39,501 - 🎤 Слушаю...
2026-08-15 22:20:42,040 - 🎤 Слушаю...
2026-08-15 22:20:44,494 - 🎤 Слушаю...
2026-08-15 22:20:48,589 - 🎤 Слушаю...
2026-08-15 22:20:50,958 - 🎤 Слушаю...
2026-08-15 22:20:54,425 - 💤 Слышу: ''
2026-08-15 22:20:55,140 - 🎤 Слушаю...
2026-08-15 22:20:57,507 - 🎤 Слушаю...
2026-08-15 22:21:00,485 - 💤 Слышу: ''
2026-08-15 22:21:01,369 - 🎤 Слушаю...
2026-08-15 22:21:04,383 - 💤 Слышу: ''
2026-08-15 22:21:05,487 - 🎤 Слушаю...
2026-08-15 22:21:08,196 - 🎤 Слушаю...
2026-08-15 22:21:10,607 - 🎤 Слушаю...
2026-08-15 22:26:35,695 - 🧠 Загружено 0 фактов
2026-08-15 22:26:35,695 - ==================================================
2026-08-15 22:26:35,695 - 🌟 АУРА — Всегда слушает
2026-08-15 22:26:35,695 - 📝 'сколько времени'
2026-08-15 22:26:35,695 - 🎵 'включи музыку'
2026-08-15 22:26:35,695 - ==================================================
2026-08-15 22:26:35,695 - 🎤 АУРА всегда слушает...
2026-08-15 22:26:47,213 - 🧠 Модель загружена
2026-08-15 22:26:55,535 - 🎤 Распознано: 'Иди من та IRS'
2026-08-15 22:26:58,331 - 🌟 Мне жаль, но я не понимаю, что вы имеете в виду под "та IRS". Это может быть сокращение или термин, который не широко используется или мне не знаком. Не могли бы вы уточнить или перефразировать ваш запрос? Я буду рад помочь, если вы предоставите больше информации.
2026-08-15 22:27:25,627 - ⚠️ Ошибка: 'Response' object has no attribute 'adjust_for_ambient_noise'
2026-08-15 22:27:25,728 - ⚠️ Ошибка: 'Response' object has no attribute 'adjust_for_ambient_noise'
2026-08-15 22:27:25,823 - ⚠️ Ошибка: 'Response' object has no attribute 'adjust_for_ambient_noise'
2026-08-15 22:27:25,916 - ⚠️ Ошибка: 'Response' object has no attribute 'adjust_for_ambient_noise'
2026-08-15 22:27:26,009 - ⚠️ Ошибка: 'Response' object has no attribute 'adjust_for_ambient_noise'
2026-08-15 22:27:26,103 - ⚠️ Ошибка: 'Response' object has no attribute 'adjust_for_ambient_noise'
2026-08-15 22:27:26,199 - ⚠️ Ошибка: 'Response' object has no attribute 'adjust_for_ambient_noise'
2026-08-15 22:27:26,295 - ⚠️ Ошибка: 'Response' object has no attribute 'adjust_for_ambient_noise'
2026-08-15 22:27:26,388 - ⚠️ Ошибка: 'Response' object has no attribute 'adjust_for_ambient_noise'
2026-08-15 22:27:26,482 - ⚠️ Ошибка: 'Response' object has no attribute 'adjust_for_ambient_noise'
2026-08-15 22:27:26,577 - ⚠️ Ошибка: 'Response' object has no attribute 'adjust_for_ambient_noise'
2026-08-15 22:27:26,675 - ⚠️ Ошибка: 'Response' object has no attribute 'adjust_for_ambient_noise'
2026-08-15 22:27:26,769 - ⚠️ Ошибка: 'Response' object has no attribute 'adjust_for_ambient_noise'
2026-08-15 22:27:26,861 - ⚠️ Ошибка: 'Response' object has no attribute 'adjust_for_ambient_noise'
2026-08-15 22:27:26,977 - ⚠️ Ошибка: 'Response' object has no attribute 'adjust_for_ambient_noise'
2026-08-15 22:27:27,078 - ⚠️ Ошибка: 'Response' object has no attribute 'adjust_for_ambient_noise'
2026-08-15 22:27:27,173 - ⚠️ Ошибка: 'Response' object has no attribute 'adjust_for_ambient_noise'
2026-08-15 22:27:27,268 - ⚠️ Ошибка: 'Response' object has no attribute 'adjust_for_ambient_noise'
2026-08-15 22:27:27,363 - ⚠️ Ошибка: 'Response' object has no attribute 'adjust_for_ambient_noise'
2026-08-15 22:27:27,457 - ⚠️ Ошибка: 'Response' object has no attribute 'adjust_for_ambient_noise'
2026-08-15 22:27:27,551 - ⚠️ Ошибка: 'Response' object has no attribute 'adjust_for_ambient_noise'
2026-08-15 22:27:27,659 - ⚠️ Ошибка: 'Response' object has no attribute 'adjust_for_ambient_noise'
2026-08-15 22:27:27,753 - ⚠️ Ошибка: 'Response' object has no attribute 'adjust_for_ambient_noise'
2026-08-15 22:27:27,851 - ⚠️ Ошибка: 'Response' object has no attribute 'adjust_for_ambient_noise'
2026-08-15 22:27:27,950 - ⚠️ Ошибка: 'Response' object has no attribute 'adjust_for_ambient_noise'
2026-08-15 22:27:28,046 - ⚠️ Ошибка: 'Response' object has no attribute 'adjust_for_ambient_noise'
2026-08-15 22:27:28,143 - ⚠️ Ошибка: 'Response' object has no attribute 'adjust_for_ambient_noise'
2026-08-15 22:27:28,239 - ⚠️ Ошибка: 'Response' object has no attribute 'adjust_for_ambient_noise'
2026-08-15 22:27:28,337 - ⚠️ Ошибка: 'Response' object has no attribute 'adjust_for_ambient_noise'
2026-08-15 22:27:28,432 - ⚠️ Ошибка: 'Response' object has no attribute 'adjust_for_ambient_noise'
2026-08-15 22:27:28,528 - ⚠️ Ошибка: 'Response' object has no attribute 'adjust_for_ambient_noise'
2026-08-15 22:27:28,625 - ⚠️ Ошибка: 'Response' object has no attribute 'adjust_for_ambient_noise'
2026-08-15 22:27:28,736 - ⚠️ Ошибка: 'Response' object has no attribute 'adjust_for_ambient_noise'
2026-08-15 22:27:28,833 - ⚠️ Ошибка: 'Response' object has no attribute 'adjust_for_ambient_noise'
2026-08-15 22:27:28,929 - ⚠️ Ошибка: 'Response' object has no attribute 'adjust_for_ambient_noise'
2026-08-15 22:27:29,025 - ⚠️ Ошибка: 'Response' object has no attribute 'adjust_for_ambient_noise'
2026-08-15 22:27:29,120 - ⚠️ Ошибка: 'Response' object has no attribute 'adjust_for_ambient_noise'
2026-08-15 22:27:29,214 - ⚠️ Ошибка: 'Response' object has no attribute 'adjust_for_ambient_noise'
2026-08-15 22:27:29,306 - ⚠️ Ошибка: 'Response' object has no attribute 'adjust_for_ambient_noise'
2026-08-15 22:27:29,398 - ⚠️ Ошибка: 'Response' object has no attribute 'adjust_for_ambient_noise'
2026-08-15 22:27:29,504 - ⚠️ Ошибка: 'Response' object has no attribute 'adjust_for_ambient_noise'
2026-08-15 22:27:29,626 - ⚠️ Ошибка: 'Response' object has no attribute 'adjust_for_ambient_noise'
2026-08-15 22:27:29,758 - ⚠️ Ошибка: 'Response' object has no attribute 'adjust_for_ambient_noise'
2026-08-15 22:27:29,857 - ⚠️ Ошибка: 'Response' object has no attribute 'adjust_for_ambient_noise'
2026-08-15 22:27:29,973 - ⚠️ Ошибка: 'Response' object has no attribute 'adjust_for_ambient_noise'
2026-08-15 22:27:30,078 - ⚠️ Ошибка: 'Response' object has no attribute 'adjust_for_ambient_noise'
2026-08-15 22:27:30,174 - ⚠️ Ошибка: 'Response' object has no attribute 'adjust_for_ambient_noise'
2026-08-15 22:27:30,270 - ⚠️ Ошибка: 'Response' object has no attribute 'adjust_for_ambient_noise'
2026-08-15 22:27:30,363 - ⚠️ Ошибка: 'Response' object has no attribute 'adjust_for_ambient_noise'
2026-08-15 22:27:30,461 - ⚠️ Ошибка: 'Response' object has no attribute 'adjust_for_ambient_noise'
2026-08-15 22:27:30,573 - ⚠️ Ошибка: 'Response' object has no attribute 'adjust_for_ambient_noise'
2026-08-15 22:27:30,684 - ⚠️ Ошибка: 'Response' object has no attribute 'adjust_for_ambient_noise'
2026-08-15 22:27:30,778 - ⚠️ Ошибка: 'Response' object has no attribute 'adjust_for_ambient_noise'
2026-08-15 22:27:30,894 - ⚠️ Ошибка: 'Response' object has no attribute 'adjust_for_ambient_noise'
2026-08-15 22:27:31,000 - ⚠️ Ошибка: 'Response' object has no attribute 'adjust_for_ambient_noise'
2026-08-15 22:27:31,095 - ⚠️ Ошибка: 'Response' object has no attribute 'adjust_for_ambient_noise'
2026-08-15 22:27:31,199 - ⚠️ Ошибка: 'Response' object has no attribute 'adjust_for_ambient_noise'
2026-08-15 22:27:31,295 - ⚠️ Ошибка: 'Response' object has no attribute 'adjust_for_ambient_noise'
2026-08-15 22:27:31,403 - ⚠️ Ошибка: 'Response' object has no attribute 'adjust_for_ambient_noise'
2026-08-15 22:27:31,522 - ⚠️ Ошибка: 'Response' object has no attribute 'adjust_for_ambient_noise'
2026-08-15 22:27:31,618 - ⚠️ Ошибка: 'Response' object has no attribute 'adjust_for_ambient_noise'
2026-08-15 22:27:31,735 - ⚠️ Ошибка: 'Response' object has no attribute 'adjust_for_ambient_noise'
2026-08-15 22:27:31,829 - ⚠️ Ошибка: 'Response' object has no attribute 'adjust_for_ambient_noise'
2026-08-15 22:27:31,934 - ⚠️ Ошибка: 'Response' object has no attribute 'adjust_for_ambient_noise'
2026-08-15 22:27:32,033 - ⚠️ Ошибка: 'Response' object has no attribute 'adjust_for_ambient_noise'
2026-08-15 22:27:32,150 - ⚠️ Ошибка: 'Response' object has no attribute 'adjust_for_ambient_noise'
2026-08-15 22:27:32,248 - ⚠️ Ошибка: 'Response' object has no attribute 'adjust_for_ambient_noise'
2026-08-15 22:27:32,349 - ⚠️ Ошибка: 'Response' object has no attribute 'adjust_for_ambient_noise'
2026-08-15 22:27:32,447 - ⚠️ Ошибка: 'Response' object has no attribute 'adjust_for_ambient_noise'
2026-08-15 22:27:32,545 - ⚠️ Ошибка: 'Response' object has no attribute 'adjust_for_ambient_noise'
2026-08-15 22:27:32,664 - ⚠️ Ошибка: 'Response' object has no attribute 'adjust_for_ambient_noise'
2026-08-15 22:27:32,764 - ⚠️ Ошибка: 'Response' object has no attribute 'adjust_for_ambient_noise'
2026-08-15 22:27:32,865 - ⚠️ Ошибка: 'Response' object has no attribute 'adjust_for_ambient_noise'
2026-08-15 22:27:32,966 - ⚠️ Ошибка: 'Response' object has no attribute 'adjust_for_ambient_noise'
2026-08-15 22:27:33,076 - ⚠️ Ошибка: 'Response' object has no attribute 'adjust_for_ambient_noise'
2026-08-15 22:27:33,187 - ⚠️ Ошибка: 'Response' object has no attribute 'adjust_for_ambient_noise'
2026-08-15 22:27:33,299 - ⚠️ Ошибка: 'Response' object has no attribute 'adjust_for_ambient_noise'
2026-08-15 22:27:33,414 - ⚠️ Ошибка: 'Response' object has no attribute 'adjust_for_ambient_noise'
2026-08-15 22:27:33,533 - ⚠️ Ошибка: 'Response' object has no attribute 'adjust_for_ambient_noise'
2026-08-15 22:27:33,655 - ⚠️ Ошибка: 'Response' object has no attribute 'adjust_for_ambient_noise'
2026-08-15 22:27:33,770 - ⚠️ Ошибка: 'Response' object has no attribute 'adjust_for_ambient_noise'
2026-08-15 22:27:33,894 - ⚠️ Ошибка: 'Response' object has no attribute 'adjust_for_ambient_noise'
2026-08-15 22:27:34,007 - ⚠️ Ошибка: 'Response' object has no attribute 'adjust_for_ambient_noise'
2026-08-15 22:27:34,119 - ⚠️ Ошибка: 'Response' object has no attribute 'adjust_for_ambient_noise'
2026-08-15 22:27:34,227 - ⚠️ Ошибка: 'Response' object has no attribute 'adjust_for_ambient_noise'
2026-08-15 22:27:34,338 - ⚠️ Ошибка: 'Response' object has no attribute 'adjust_for_ambient_noise'
2026-08-15 22:27:34,449 - ⚠️ Ошибка: 'Response' object has no attribute 'adjust_for_ambient_noise'
2026-08-15 22:27:34,558 - ⚠️ Ошибка: 'Response' object has no attribute 'adjust_for_ambient_noise'
2026-08-15 22:27:34,674 - ⚠️ Ошибка: 'Response' object has no attribute 'adjust_for_ambient_noise'
2026-08-15 22:27:34,788 - ⚠️ Ошибка: 'Response' object has no attribute 'adjust_for_ambient_noise'
2026-08-15 22:27:34,901 - ⚠️ Ошибка: 'Response' object has no attribute 'adjust_for_ambient_noise'
2026-08-15 22:27:35,014 - ⚠️ Ошибка: 'Response' object has no attribute 'adjust_for_ambient_noise'
2026-08-15 22:27:35,133 - ⚠️ Ошибка: 'Response' object has no attribute 'adjust_for_ambient_noise'
2026-08-15 22:27:35,244 - ⚠️ Ошибка: 'Response' object has no attribute 'adjust_for_ambient_noise'
2026-08-15 22:27:35,360 - ⚠️ Ошибка: 'Response' object has no attribute 'adjust_for_ambient_noise'
2026-08-15 22:27:35,468 - ⚠️ Ошибка: 'Response' object has no attribute 'adjust_for_ambient_noise'
2026-08-15 22:27:35,578 - ⚠️ Ошибка: 'Response' object has no attribute 'adjust_for_ambient_noise'
2026-08-15 22:27:35,704 - ⚠️ Ошибка: 'Response' object has no attribute 'adjust_for_ambient_noise'
2026-08-15 22:27:35,815 - ⚠️ Ошибка: 'Response' object has no attribute 'adjust_for_ambient_noise'
2026-08-15 22:27:35,924 - ⚠️ Ошибка: 'Response' object has no attribute 'adjust_for_ambient_noise'
2026-08-15 22:27:36,036 - ⚠️ Ошибка: 'Response' object has no attribute 'adjust_for_ambient_noise'
2026-08-15 22:27:36,147 - ⚠️ Ошибка: 'Response' object has no attribute 'adjust_for_ambient_noise'
2026-08-15 22:27:36,256 - ⚠️ Ошибка: 'Response' object has no attribute 'adjust_for_ambient_noise'
2026-08-15 22:27:36,364 - ⚠️ Ошибка: 'Response' object has no attribute 'adjust_for_ambient_noise'
2026-08-15 22:27:36,470 - ⚠️ Ошибка: 'Response' object has no attribute 'adjust_for_ambient_noise'
2026-08-15 22:27:36,580 - ⚠️ Ошибка: 'Response' object has no attribute 'adjust_for_ambient_noise'
2026-08-15 22:27:36,696 - ⚠️ Ошибка: 'Response' object has no attribute 'adjust_for_ambient_noise'
2026-08-15 22:27:36,803 - ⚠️ Ошибка: 'Response' object has no attribute 'adjust_for_ambient_noise'
2026-08-15 22:27:36,911 - ⚠️ Ошибка: 'Response' object has no attribute 'adjust_for_ambient_noise'
2026-08-15 22:27:37,019 - ⚠️ Ошибка: 'Response' object has no attribute 'adjust_for_ambient_noise'
2026-08-15 22:27:37,125 - ⚠️ Ошибка: 'Response' object has no attribute 'adjust_for_ambient_noise'
2026-08-15 22:27:37,236 - ⚠️ Ошибка: 'Response' object has no attribute 'adjust_for_ambient_noise'
2026-08-15 22:27:37,344 - ⚠️ Ошибка: 'Response' object has no attribute 'adjust_for_ambient_noise'
2026-08-15 22:27:37,451 - ⚠️ Ошибка: 'Response' object has no attribute 'adjust_for_ambient_noise'
2026-08-15 22:27:37,558 - ⚠️ Ошибка: 'Response' object has no attribute 'adjust_for_ambient_noise'
2026-08-15 22:27:37,675 - ⚠️ Ошибка: 'Response' object has no attribute 'adjust_for_ambient_noise'
2026-08-15 22:27:37,787 - ⚠️ Ошибка: 'Response' object has no attribute 'adjust_for_ambient_noise'
2026-08-15 22:27:37,901 - ⚠️ Ошибка: 'Response' object has no attribute 'adjust_for_ambient_noise'
2026-08-15 22:27:38,016 - ⚠️ Ошибка: 'Response' object has no attribute 'adjust_for_ambient_noise'
2026-08-15 22:27:38,134 - ⚠️ Ошибка: 'Response' object has no attribute 'adjust_for_ambient_noise'
2026-08-15 22:27:38,250 - ⚠️ Ошибка: 'Response' object has no attribute 'adjust_for_ambient_noise'
2026-08-15 22:27:38,359 - ⚠️ Ошибка: 'Response' object has no attribute 'adjust_for_ambient_noise'
2026-08-15 22:27:38,472 - ⚠️ Ошибка: 'Response' object has no attribute 'adjust_for_ambient_noise'
2026-08-15 22:27:38,582 - ⚠️ Ошибка: 'Response' object has no attribute 'adjust_for_ambient_noise'
2026-08-15 22:27:38,710 - ⚠️ Ошибка: 'Response' object has no attribute 'adjust_for_ambient_noise'
2026-08-15 22:27:38,820 - ⚠️ Ошибка: 'Response' object has no attribute 'adjust_for_ambient_noise'
2026-08-15 22:27:38,929 - ⚠️ Ошибка: 'Response' object has no attribute 'adjust_for_ambient_noise'
2026-08-15 22:27:39,037 - ⚠️ Ошибка: 'Response' object has no attribute 'adjust_for_ambient_noise'
2026-08-15 22:27:39,147 - ⚠️ Ошибка: 'Response' object has no attribute 'adjust_for_ambient_noise'
2026-08-15 22:27:39,255 - ⚠️ Ошибка: 'Response' object has no attribute 'adjust_for_ambient_noise'
2026-08-15 22:27:39,361 - ⚠️ Ошибка: 'Response' object has no attribute 'adjust_for_ambient_noise'
2026-08-15 22:27:39,465 - ⚠️ Ошибка: 'Response' object has no attribute 'adjust_for_ambient_noise'
2026-08-15 22:27:39,574 - ⚠️ Ошибка: 'Response' object has no attribute 'adjust_for_ambient_noise'
2026-08-15 22:27:39,685 - ⚠️ Ошибка: 'Response' object has no attribute 'adjust_for_ambient_noise'
2026-08-15 22:27:39,794 - ⚠️ Ошибка: 'Response' object has no attribute 'adjust_for_ambient_noise'
2026-08-15 22:27:39,908 - ⚠️ Ошибка: 'Response' object has no attribute 'adjust_for_ambient_noise'
2026-08-15 22:27:40,015 - ⚠️ Ошибка: 'Response' object has no attribute 'adjust_for_ambient_noise'
2026-08-15 22:27:40,120 - ⚠️ Ошибка: 'Response' object has no attribute 'adjust_for_ambient_noise'
2026-08-15 22:27:40,226 - ⚠️ Ошибка: 'Response' object has no attribute 'adjust_for_ambient_noise'
2026-08-15 22:27:40,333 - ⚠️ Ошибка: 'Response' object has no attribute 'adjust_for_ambient_noise'
2026-08-15 22:27:40,444 - ⚠️ Ошибка: 'Response' object has no attribute 'adjust_for_ambient_noise'
2026-08-15 22:27:40,557 - ⚠️ Ошибка: 'Response' object has no attribute 'adjust_for_ambient_noise'
2026-08-15 22:27:40,685 - ⚠️ Ошибка: 'Response' object has no attribute 'adjust_for_ambient_noise'
2026-08-15 22:27:40,793 - ⚠️ Ошибка: 'Response' object has no attribute 'adjust_for_ambient_noise'
2026-08-15 22:27:40,903 - ⚠️ Ошибка: 'Response' object has no attribute 'adjust_for_ambient_noise'
2026-08-15 22:27:41,016 - ⚠️ Ошибка: 'Response' object has no attribute 'adjust_for_ambient_noise'
2026-08-15 22:27:41,129 - ⚠️ Ошибка: 'Response' object has no attribute 'adjust_for_ambient_noise'
2026-08-15 22:27:41,238 - ⚠️ Ошибка: 'Response' object has no attribute 'adjust_for_ambient_noise'
2026-08-15 22:27:41,349 - ⚠️ Ошибка: 'Response' object has no attribute 'adjust_for_ambient_noise'
2026-08-15 22:27:41,476 - ⚠️ Ошибка: 'Response' object has no attribute 'adjust_for_ambient_noise'
2026-08-15 22:27:41,585 - ⚠️ Ошибка: 'Response' object has no attribute 'adjust_for_ambient_noise'
2026-08-15 22:27:41,697 - ⚠️ Ошибка: 'Response' object has no attribute 'adjust_for_ambient_noise'
2026-08-15 22:27:41,805 - ⚠️ Ошибка: 'Response' object has no attribute 'adjust_for_ambient_noise'
2026-08-15 22:27:41,914 - ⚠️ Ошибка: 'Response' object has no attribute 'adjust_for_ambient_noise'
2026-08-15 22:27:42,021 - ⚠️ Ошибка: 'Response' object has no attribute 'adjust_for_ambient_noise'
2026-08-15 22:27:42,141 - ⚠️ Ошибка: 'Response' object has no attribute 'adjust_for_ambient_noise'
2026-08-15 22:27:42,249 - ⚠️ Ошибка: 'Response' object has no attribute 'adjust_for_ambient_noise'
2026-08-15 22:27:42,368 - ⚠️ Ошибка: 'Response' object has no attribute 'adjust_for_ambient_noise'
2026-08-15 22:27:42,478 - ⚠️ Ошибка: 'Response' object has no attribute 'adjust_for_ambient_noise'
2026-08-15 22:27:42,595 - ⚠️ Ошибка: 'Response' object has no attribute 'adjust_for_ambient_noise'
2026-08-15 22:27:42,711 - ⚠️ Ошибка: 'Response' object has no attribute 'adjust_for_ambient_noise'
2026-08-15 22:27:42,826 - ⚠️ Ошибка: 'Response' object has no attribute 'adjust_for_ambient_noise'
2026-08-15 22:27:42,940 - ⚠️ Ошибка: 'Response' object has no attribute 'adjust_for_ambient_noise'
2026-08-15 22:27:43,057 - ⚠️ Ошибка: 'Response' object has no attribute 'adjust_for_ambient_noise'
2026-08-15 22:27:43,166 - ⚠️ Ошибка: 'Response' object has no attribute 'adjust_for_ambient_noise'
2026-08-15 22:27:43,272 - ⚠️ Ошибка: 'Response' object has no attribute 'adjust_for_ambient_noise'
2026-08-15 22:27:43,378 - ⚠️ Ошибка: 'Response' object has no attribute 'adjust_for_ambient_noise'
2026-08-15 22:27:43,496 - ⚠️ Ошибка: 'Response' object has no attribute 'adjust_for_ambient_noise'
2026-08-15 22:27:43,604 - ⚠️ Ошибка: 'Response' object has no attribute 'adjust_for_ambient_noise'
2026-08-15 22:27:43,724 - ⚠️ Ошибка: 'Response' object has no attribute 'adjust_for_ambient_noise'
2026-08-15 22:27:43,849 - ⚠️ Ошибка: 'Response' object has no attribute 'adjust_for_ambient_noise'
2026-08-15 22:27:43,963 - ⚠️ Ошибка: 'Response' object has no attribute 'adjust_for_ambient_noise'
2026-08-15 22:27:44,072 - ⚠️ Ошибка: 'Response' object has no attribute 'adjust_for_ambient_noise'
2026-08-15 22:27:44,184 - ⚠️ Ошибка: 'Response' object has no attribute 'adjust_for_ambient_noise'
2026-08-15 22:27:44,296 - ⚠️ Ошибка: 'Response' object has no attribute 'adjust_for_ambient_noise'
2026-08-15 22:27:44,418 - ⚠️ Ошибка: 'Response' object has no attribute 'adjust_for_ambient_noise'
2026-08-15 22:27:44,526 - ⚠️ Ошибка: 'Response' object has no attribute 'adjust_for_ambient_noise'
2026-08-15 22:27:44,657 - ⚠️ Ошибка: 'Response' object has no attribute 'adjust_for_ambient_noise'
2026-08-15 22:27:44,767 - ⚠️ Ошибка: 'Response' object has no attribute 'adjust_for_ambient_noise'
2026-08-15 22:27:44,876 - ⚠️ Ошибка: 'Response' object has no attribute 'adjust_for_ambient_noise'
2026-08-15 22:27:45,000 - ⚠️ Ошибка: 'Response' object has no attribute 'adjust_for_ambient_noise'
2026-08-15 22:27:45,109 - ⚠️ Ошибка: 'Response' object has no attribute 'adjust_for_ambient_noise'
2026-08-15 22:27:45,218 - ⚠️ Ошибка: 'Response' object has no attribute 'adjust_for_ambient_noise'
2026-08-15 22:27:45,330 - ⚠️ Ошибка: 'Response' object has no attribute 'adjust_for_ambient_noise'
2026-08-15 22:27:45,441 - ⚠️ Ошибка: 'Response' object has no attribute 'adjust_for_ambient_noise'
2026-08-15 22:27:45,555 - ⚠️ Ошибка: 'Response' object has no attribute 'adjust_for_ambient_noise'
2026-08-15 22:27:45,674 - ⚠️ Ошибка: 'Response' object has no attribute 'adjust_for_ambient_noise'
2026-08-15 22:27:45,788 - ⚠️ Ошибка: 'Response' object has no attribute 'adjust_for_ambient_noise'
2026-08-15 22:27:45,900 - ⚠️ Ошибка: 'Response' object has no attribute 'adjust_for_ambient_noise'
2026-08-15 22:27:46,009 - ⚠️ Ошибка: 'Response' object has no attribute 'adjust_for_ambient_noise'
2026-08-15 22:27:46,119 - ⚠️ Ошибка: 'Response' object has no attribute 'adjust_for_ambient_noise'
2026-08-15 22:27:46,229 - ⚠️ Ошибка: 'Response' object has no attribute 'adjust_for_ambient_noise'
2026-08-15 22:27:46,340 - ⚠️ Ошибка: 'Response' object has no attribute 'adjust_for_ambient_noise'
2026-08-15 22:27:46,449 - ⚠️ Ошибка: 'Response' object has no attribute 'adjust_for_ambient_noise'
2026-08-15 22:27:46,555 - ⚠️ Ошибка: 'Response' object has no attribute 'adjust_for_ambient_noise'
2026-08-15 22:27:46,666 - ⚠️ Ошибка: 'Response' object has no attribute 'adjust_for_ambient_noise'
2026-08-15 22:27:46,773 - ⚠️ Ошибка: 'Response' object has no attribute 'adjust_for_ambient_noise'
2026-08-15 22:27:46,883 - ⚠️ Ошибка: 'Response' object has no attribute 'adjust_for_ambient_noise'
2026-08-15 22:27:46,991 - ⚠️ Ошибка: 'Response' object has no attribute 'adjust_for_ambient_noise'
2026-08-15 22:27:47,100 - ⚠️ Ошибка: 'Response' object has no attribute 'adjust_for_ambient_noise'
2026-08-15 22:27:47,209 - ⚠️ Ошибка: 'Response' object has no attribute 'adjust_for_ambient_noise'
2026-08-15 22:27:47,330 - ⚠️ Ошибка: 'Response' object has no attribute 'adjust_for_ambient_noise'
2026-08-15 22:27:47,438 - ⚠️ Ошибка: 'Response' object has no attribute 'adjust_for_ambient_noise'
2026-08-15 22:27:47,549 - ⚠️ Ошибка: 'Response' object has no attribute 'adjust_for_ambient_noise'
2026-08-15 22:27:47,662 - ⚠️ Ошибка: 'Response' object has no attribute 'adjust_for_ambient_noise'
2026-08-15 22:27:47,776 - ⚠️ Ошибка: 'Response' object has no attribute 'adjust_for_ambient_noise'
2026-08-15 22:27:47,885 - ⚠️ Ошибка: 'Response' object has no attribute 'adjust_for_ambient_noise'
2026-08-15 22:27:47,994 - ⚠️ Ошибка: 'Response' object has no attribute 'adjust_for_ambient_noise'
2026-08-15 22:27:48,105 - ⚠️ Ошибка: 'Response' object has no attribute 'adjust_for_ambient_noise'
2026-08-15 22:27:48,215 - ⚠️ Ошибка: 'Response' object has no attribute 'adjust_for_ambient_noise'
2026-08-15 22:27:48,327 - ⚠️ Ошибка: 'Response' object has no attribute 'adjust_for_ambient_noise'
2026-08-15 22:27:48,437 - ⚠️ Ошибка: 'Response' object has no attribute 'adjust_for_ambient_noise'
2026-08-15 22:27:48,548 - ⚠️ Ошибка: 'Response' object has no attribute 'adjust_for_ambient_noise'
2026-08-15 22:27:48,663 - ⚠️ Ошибка: 'Response' object has no attribute 'adjust_for_ambient_noise'
2026-08-15 22:27:48,777 - ⚠️ Ошибка: 'Response' object has no attribute 'adjust_for_ambient_noise'
2026-08-15 22:27:48,887 - ⚠️ Ошибка: 'Response' object has no attribute 'adjust_for_ambient_noise'
2026-08-15 22:27:49,001 - ⚠️ Ошибка: 'Response' object has no attribute 'adjust_for_ambient_noise'
2026-08-15 22:27:49,121 - ⚠️ Ошибка: 'Response' object has no attribute 'adjust_for_ambient_noise'
2026-08-15 22:27:49,248 - ⚠️ Ошибка: 'Response' object has no attribute 'adjust_for_ambient_noise'
2026-08-15 22:27:49,369 - ⚠️ Ошибка: 'Response' object has no attribute 'adjust_for_ambient_noise'
2026-08-15 22:27:49,483 - ⚠️ Ошибка: 'Response' object has no attribute 'adjust_for_ambient_noise'
2026-08-15 22:27:49,598 - ⚠️ Ошибка: 'Response' object has no attribute 'adjust_for_ambient_noise'
2026-08-15 22:27:49,728 - ⚠️ Ошибка: 'Response' object has no attribute 'adjust_for_ambient_noise'
2026-08-15 22:27:49,841 - ⚠️ Ошибка: 'Response' object has no attribute 'adjust_for_ambient_noise'
2026-08-15 22:27:49,969 - ⚠️ Ошибка: 'Response' object has no attribute 'adjust_for_ambient_noise'
2026-08-15 22:27:50,094 - ⚠️ Ошибка: 'Response' object has no attribute 'adjust_for_ambient_noise'
2026-08-15 22:27:50,211 - ⚠️ Ошибка: 'Response' object has no attribute 'adjust_for_ambient_noise'
2026-08-15 22:27:50,325 - ⚠️ Ошибка: 'Response' object has no attribute 'adjust_for_ambient_noise'
2026-08-15 22:27:50,440 - ⚠️ Ошибка: 'Response' object has no attribute 'adjust_for_ambient_noise'
2026-08-15 22:27:50,563 - ⚠️ Ошибка: 'Response' object has no attribute 'adjust_for_ambient_noise'
2026-08-15 22:27:50,682 - ⚠️ Ошибка: 'Response' object has no attribute 'adjust_for_ambient_noise'
2026-08-15 22:27:50,795 - ⚠️ Ошибка: 'Response' object has no attribute 'adjust_for_ambient_noise'
2026-08-15 22:27:50,910 - ⚠️ Ошибка: 'Response' object has no attribute 'adjust_for_ambient_noise'
2026-08-15 22:27:51,025 - ⚠️ Ошибка: 'Response' object has no attribute 'adjust_for_ambient_noise'
2026-08-15 22:27:51,140 - ⚠️ Ошибка: 'Response' object has no attribute 'adjust_for_ambient_noise'
2026-08-15 22:27:51,269 - ⚠️ Ошибка: 'Response' object has no attribute 'adjust_for_ambient_noise'
2026-08-15 22:27:51,392 - ⚠️ Ошибка: 'Response' object has no attribute 'adjust_for_ambient_noise'
2026-08-15 22:27:51,514 - ⚠️ Ошибка: 'Response' object has no attribute 'adjust_for_ambient_noise'
2026-08-15 22:27:51,635 - ⚠️ Ошибка: 'Response' object has no attribute 'adjust_for_ambient_noise'
2026-08-15 22:27:51,760 - ⚠️ Ошибка: 'Response' object has no attribute 'adjust_for_ambient_noise'
2026-08-15 22:27:51,871 - ⚠️ Ошибка: 'Response' object has no attribute 'adjust_for_ambient_noise'
2026-08-15 22:27:51,987 - ⚠️ Ошибка: 'Response' object has no attribute 'adjust_for_ambient_noise'
2026-08-15 22:27:52,116 - ⚠️ Ошибка: 'Response' object has no attribute 'adjust_for_ambient_noise'
2026-08-15 22:27:52,240 - ⚠️ Ошибка: 'Response' object has no attribute 'adjust_for_ambient_noise'
2026-08-15 22:27:52,357 - ⚠️ Ошибка: 'Response' object has no attribute 'adjust_for_ambient_noise'
2026-08-15 22:27:52,471 - ⚠️ Ошибка: 'Response' object has no attribute 'adjust_for_ambient_noise'
2026-08-15 22:27:52,581 - ⚠️ Ошибка: 'Response' object has no attribute 'adjust_for_ambient_noise'
2026-08-15 22:27:52,694 - ⚠️ Ошибка: 'Response' object has no attribute 'adjust_for_ambient_noise'
2026-08-15 22:27:52,815 - ⚠️ Ошибка: 'Response' object has no attribute 'adjust_for_ambient_noise'
2026-08-15 22:27:52,936 - ⚠️ Ошибка: 'Response' object has no attribute 'adjust_for_ambient_noise'
2026-08-15 22:27:53,047 - ⚠️ Ошибка: 'Response' object has no attribute 'adjust_for_ambient_noise'
2026-08-15 22:27:53,161 - ⚠️ Ошибка: 'Response' object has no attribute 'adjust_for_ambient_noise'
2026-08-15 22:27:53,280 - ⚠️ Ошибка: 'Response' object has no attribute 'adjust_for_ambient_noise'
2026-08-15 22:27:53,400 - ⚠️ Ошибка: 'Response' object has no attribute 'adjust_for_ambient_noise'
2026-08-15 22:27:53,520 - ⚠️ Ошибка: 'Response' object has no attribute 'adjust_for_ambient_noise'
2026-08-15 22:27:53,655 - ⚠️ Ошибка: 'Response' object has no attribute 'adjust_for_ambient_noise'
2026-08-15 22:27:53,777 - ⚠️ Ошибка: 'Response' object has no attribute 'adjust_for_ambient_noise'
2026-08-15 22:27:53,895 - ⚠️ Ошибка: 'Response' object has no attribute 'adjust_for_ambient_noise'
2026-08-15 22:27:54,015 - ⚠️ Ошибка: 'Response' object has no attribute 'adjust_for_ambient_noise'
2026-08-15 22:27:54,132 - ⚠️ Ошибка: 'Response' object has no attribute 'adjust_for_ambient_noise'
2026-08-15 22:27:54,249 - ⚠️ Ошибка: 'Response' object has no attribute 'adjust_for_ambient_noise'
2026-08-15 22:27:54,365 - ⚠️ Ошибка: 'Response' object has no attribute 'adjust_for_ambient_noise'
2026-08-15 22:27:54,478 - ⚠️ Ошибка: 'Response' object has no attribute 'adjust_for_ambient_noise'
2026-08-15 22:27:54,589 - ⚠️ Ошибка: 'Response' object has no attribute 'adjust_for_ambient_noise'
2026-08-15 22:27:54,705 - ⚠️ Ошибка: 'Response' object has no attribute 'adjust_for_ambient_noise'
2026-08-15 22:27:54,814 - ⚠️ Ошибка: 'Response' object has no attribute 'adjust_for_ambient_noise'
2026-08-15 22:27:54,924 - ⚠️ Ошибка: 'Response' object has no attribute 'adjust_for_ambient_noise'
2026-08-15 22:27:55,042 - ⚠️ Ошибка: 'Response' object has no attribute 'adjust_for_ambient_noise'
2026-08-15 22:27:55,157 - ⚠️ Ошибка: 'Response' object has no attribute 'adjust_for_ambient_noise'
2026-08-15 22:27:55,293 - ⚠️ Ошибка: 'Response' object has no attribute 'adjust_for_ambient_noise'
2026-08-15 22:27:55,412 - ⚠️ Ошибка: 'Response' object has no attribute 'adjust_for_ambient_noise'
2026-08-15 22:27:55,526 - ⚠️ Ошибка: 'Response' object has no attribute 'adjust_for_ambient_noise'
2026-08-15 22:27:55,647 - ⚠️ Ошибка: 'Response' object has no attribute 'adjust_for_ambient_noise'
2026-08-15 22:27:55,762 - ⚠️ Ошибка: 'Response' object has no attribute 'adjust_for_ambient_noise'
2026-08-15 22:27:55,872 - ⚠️ Ошибка: 'Response' object has no attribute 'adjust_for_ambient_noise'
2026-08-15 22:27:55,995 - ⚠️ Ошибка: 'Response' object has no attribute 'adjust_for_ambient_noise'
2026-08-15 22:27:56,111 - ⚠️ Ошибка: 'Response' object has no attribute 'adjust_for_ambient_noise'
2026-08-15 22:27:56,228 - ⚠️ Ошибка: 'Response' object has no attribute 'adjust_for_ambient_noise'
2026-08-15 22:27:56,357 - ⚠️ Ошибка: 'Response' object has no attribute 'adjust_for_ambient_noise'
2026-08-15 22:27:56,466 - ⚠️ Ошибка: 'Response' object has no attribute 'adjust_for_ambient_noise'
2026-08-15 22:27:56,583 - ⚠️ Ошибка: 'Response' object has no attribute 'adjust_for_ambient_noise'
2026-08-15 22:27:56,700 - ⚠️ Ошибка: 'Response' object has no attribute 'adjust_for_ambient_noise'
2026-08-15 22:27:56,814 - ⚠️ Ошибка: 'Response' object has no attribute 'adjust_for_ambient_noise'
2026-08-15 22:27:56,945 - ⚠️ Ошибка: 'Response' object has no attribute 'adjust_for_ambient_noise'
2026-08-15 22:27:57,051 - ⚠️ Ошибка: 'Response' object has no attribute 'adjust_for_ambient_noise'
2026-08-15 22:27:57,158 - ⚠️ Ошибка: 'Response' object has no attribute 'adjust_for_ambient_noise'
2026-08-15 22:27:57,268 - ⚠️ Ошибка: 'Response' object has no attribute 'adjust_for_ambient_noise'
2026-08-15 22:27:57,375 - ⚠️ Ошибка: 'Response' object has no attribute 'adjust_for_ambient_noise'
2026-08-15 22:27:57,484 - ⚠️ Ошибка: 'Response' object has no attribute 'adjust_for_ambient_noise'
2026-08-15 22:27:57,593 - ⚠️ Ошибка: 'Response' object has no attribute 'adjust_for_ambient_noise'
2026-08-15 22:27:57,706 - ⚠️ Ошибка: 'Response' object has no attribute 'adjust_for_ambient_noise'
2026-08-15 22:27:57,815 - ⚠️ Ошибка: 'Response' object has no attribute 'adjust_for_ambient_noise'
2026-08-15 22:27:57,928 - ⚠️ Ошибка: 'Response' object has no attribute 'adjust_for_ambient_noise'
2026-08-15 22:27:58,038 - ⚠️ Ошибка: 'Response' object has no attribute 'adjust_for_ambient_noise'
2026-08-15 22:27:58,145 - ⚠️ Ошибка: 'Response' object has no attribute 'adjust_for_ambient_noise'
2026-08-15 22:27:58,260 - ⚠️ Ошибка: 'Response' object has no attribute 'adjust_for_ambient_noise'
2026-08-15 22:27:58,377 - ⚠️ Ошибка: 'Response' object has no attribute 'adjust_for_ambient_noise'
2026-08-15 22:27:58,489 - ⚠️ Ошибка: 'Response' object has no attribute 'adjust_for_ambient_noise'
2026-08-15 22:27:58,599 - ⚠️ Ошибка: 'Response' object has no attribute 'adjust_for_ambient_noise'
2026-08-15 22:27:58,714 - ⚠️ Ошибка: 'Response' object has no attribute 'adjust_for_ambient_noise'
2026-08-15 22:27:58,833 - ⚠️ Ошибка: 'Response' object has no attribute 'adjust_for_ambient_noise'
2026-08-15 22:27:58,949 - ⚠️ Ошибка: 'Response' object has no attribute 'adjust_for_ambient_noise'
2026-08-15 22:27:59,077 - ⚠️ Ошибка: 'Response' object has no attribute 'adjust_for_ambient_noise'
2026-08-15 22:27:59,185 - ⚠️ Ошибка: 'Response' object has no attribute 'adjust_for_ambient_noise'
2026-08-15 22:27:59,294 - ⚠️ Ошибка: 'Response' object has no attribute 'adjust_for_ambient_noise'
2026-08-15 22:27:59,427 - ⚠️ Ошибка: 'Response' object has no attribute 'adjust_for_ambient_noise'
2026-08-15 22:27:59,534 - ⚠️ Ошибка: 'Response' object has no attribute 'adjust_for_ambient_noise'
2026-08-15 22:27:59,642 - ⚠️ Ошибка: 'Response' object has no attribute 'adjust_for_ambient_noise'
2026-08-15 22:27:59,756 - ⚠️ Ошибка: 'Response' object has no attribute 'adjust_for_ambient_noise'
2026-08-15 22:27:59,862 - ⚠️ Ошибка: 'Response' object has no attribute 'adjust_for_ambient_noise'
2026-08-15 22:27:59,973 - ⚠️ Ошибка: 'Response' object has no attribute 'adjust_for_ambient_noise'
2026-08-15 22:28:00,087 - ⚠️ Ошибка: 'Response' object has no attribute 'adjust_for_ambient_noise'
2026-08-15 22:28:00,194 - ⚠️ Ошибка: 'Response' object has no attribute 'adjust_for_ambient_noise'
2026-08-15 22:28:00,307 - ⚠️ Ошибка: 'Response' object has no attribute 'adjust_for_ambient_noise'
2026-08-15 22:28:00,432 - ⚠️ Ошибка: 'Response' object has no attribute 'adjust_for_ambient_noise'
2026-08-15 22:28:00,543 - ⚠️ Ошибка: 'Response' object has no attribute 'adjust_for_ambient_noise'
2026-08-15 22:28:00,673 - ⚠️ Ошибка: 'Response' object has no attribute 'adjust_for_ambient_noise'
2026-08-15 22:28:00,781 - ⚠️ Ошибка: 'Response' object has no attribute 'adjust_for_ambient_noise'
2026-08-15 22:28:00,886 - ⚠️ Ошибка: 'Response' object has no attribute 'adjust_for_ambient_noise'
2026-08-15 22:28:00,994 - ⚠️ Ошибка: 'Response' object has no attribute 'adjust_for_ambient_noise'
2026-08-15 22:28:01,102 - ⚠️ Ошибка: 'Response' object has no attribute 'adjust_for_ambient_noise'
2026-08-15 22:28:01,248 - ⚠️ Ошибка: 'Response' object has no attribute 'adjust_for_ambient_noise'
2026-08-15 22:28:01,363 - ⚠️ Ошибка: 'Response' object has no attribute 'adjust_for_ambient_noise'
2026-08-15 22:28:01,479 - ⚠️ Ошибка: 'Response' object has no attribute 'adjust_for_ambient_noise'
2026-08-15 22:28:01,615 - ⚠️ Ошибка: 'Response' object has no attribute 'adjust_for_ambient_noise'
2026-08-15 22:28:01,742 - ⚠️ Ошибка: 'Response' object has no attribute 'adjust_for_ambient_noise'
2026-08-15 22:28:01,848 - ⚠️ Ошибка: 'Response' object has no attribute 'adjust_for_ambient_noise'
2026-08-15 22:28:01,956 - ⚠️ Ошибка: 'Response' object has no attribute 'adjust_for_ambient_noise'
2026-08-15 22:28:02,066 - ⚠️ Ошибка: 'Response' object has no attribute 'adjust_for_ambient_noise'
2026-08-15 22:28:02,183 - ⚠️ Ошибка: 'Response' object has no attribute 'adjust_for_ambient_noise'
2026-08-15 22:28:02,289 - ⚠️ Ошибка: 'Response' object has no attribute 'adjust_for_ambient_noise'
2026-08-15 22:28:02,396 - ⚠️ Ошибка: 'Response' object has no attribute 'adjust_for_ambient_noise'
2026-08-15 22:28:02,512 - ⚠️ Ошибка: 'Response' object has no attribute 'adjust_for_ambient_noise'
2026-08-15 22:28:02,618 - ⚠️ Ошибка: 'Response' object has no attribute 'adjust_for_ambient_noise'
2026-08-15 22:28:02,739 - ⚠️ Ошибка: 'Response' object has no attribute 'adjust_for_ambient_noise'
2026-08-15 22:28:02,848 - ⚠️ Ошибка: 'Response' object has no attribute 'adjust_for_ambient_noise'
2026-08-15 22:28:02,957 - ⚠️ Ошибка: 'Response' object has no attribute 'adjust_for_ambient_noise'
2026-08-15 22:28:03,069 - ⚠️ Ошибка: 'Response' object has no attribute 'adjust_for_ambient_noise'
2026-08-15 22:28:03,180 - ⚠️ Ошибка: 'Response' object has no attribute 'adjust_for_ambient_noise'
2026-08-15 22:28:03,322 - ⚠️ Ошибка: 'Response' object has no attribute 'adjust_for_ambient_noise'
2026-08-15 22:28:03,443 - ⚠️ Ошибка: 'Response' object has no attribute 'adjust_for_ambient_noise'
2026-08-15 22:28:03,554 - ⚠️ Ошибка: 'Response' object has no attribute 'adjust_for_ambient_noise'
2026-08-15 22:28:03,670 - ⚠️ Ошибка: 'Response' object has no attribute 'adjust_for_ambient_noise'
2026-08-15 22:28:03,787 - ⚠️ Ошибка: 'Response' object has no attribute 'adjust_for_ambient_noise'
2026-08-15 22:28:03,900 - ⚠️ Ошибка: 'Response' object has no attribute 'adjust_for_ambient_noise'
2026-08-15 22:28:04,016 - ⚠️ Ошибка: 'Response' object has no attribute 'adjust_for_ambient_noise'
2026-08-15 22:28:04,133 - ⚠️ Ошибка: 'Response' object has no attribute 'adjust_for_ambient_noise'
2026-08-15 22:28:04,241 - ⚠️ Ошибка: 'Response' object has no attribute 'adjust_for_ambient_noise'
2026-08-15 22:28:04,349 - ⚠️ Ошибка: 'Response' object has no attribute 'adjust_for_ambient_noise'
2026-08-15 22:28:04,467 - ⚠️ Ошибка: 'Response' object has no attribute 'adjust_for_ambient_noise'
2026-08-15 22:28:04,574 - ⚠️ Ошибка: 'Response' object has no attribute 'adjust_for_ambient_noise'
2026-08-15 22:28:04,690 - ⚠️ Ошибка: 'Response' object has no attribute 'adjust_for_ambient_noise'
2026-08-15 22:28:04,805 - ⚠️ Ошибка: 'Response' object has no attribute 'adjust_for_ambient_noise'
2026-08-15 22:28:04,916 - ⚠️ Ошибка: 'Response' object has no attribute 'adjust_for_ambient_noise'
2026-08-15 22:28:05,029 - ⚠️ Ошибка: 'Response' object has no attribute 'adjust_for_ambient_noise'
2026-08-15 22:28:05,144 - ⚠️ Ошибка: 'Response' object has no attribute 'adjust_for_ambient_noise'
2026-08-15 22:28:05,260 - ⚠️ Ошибка: 'Response' object has no attribute 'adjust_for_ambient_noise'
2026-08-15 22:28:05,380 - ⚠️ Ошибка: 'Response' object has no attribute 'adjust_for_ambient_noise'
2026-08-15 22:28:05,490 - ⚠️ Ошибка: 'Response' object has no attribute 'adjust_for_ambient_noise'
2026-08-15 22:28:05,599 - ⚠️ Ошибка: 'Response' object has no attribute 'adjust_for_ambient_noise'
2026-08-15 22:28:05,712 - ⚠️ Ошибка: 'Response' object has no attribute 'adjust_for_ambient_noise'
2026-08-15 22:28:05,819 - ⚠️ Ошибка: 'Response' object has no attribute 'adjust_for_ambient_noise'
2026-08-15 22:28:05,931 - ⚠️ Ошибка: 'Response' object has no attribute 'adjust_for_ambient_noise'
2026-08-15 22:28:06,044 - ⚠️ Ошибка: 'Response' object has no attribute 'adjust_for_ambient_noise'
2026-08-15 22:28:06,158 - ⚠️ Ошибка: 'Response' object has no attribute 'adjust_for_ambient_noise'
2026-08-15 22:28:06,273 - ⚠️ Ошибка: 'Response' object has no attribute 'adjust_for_ambient_noise'
2026-08-15 22:28:06,395 - ⚠️ Ошибка: 'Response' object has no attribute 'adjust_for_ambient_noise'
2026-08-15 22:28:06,503 - ⚠️ Ошибка: 'Response' object has no attribute 'adjust_for_ambient_noise'
2026-08-15 22:28:06,613 - ⚠️ Ошибка: 'Response' object has no attribute 'adjust_for_ambient_noise'
2026-08-15 22:28:06,726 - ⚠️ Ошибка: 'Response' object has no attribute 'adjust_for_ambient_noise'
2026-08-15 22:28:06,833 - ⚠️ Ошибка: 'Response' object has no attribute 'adjust_for_ambient_noise'
2026-08-15 22:28:06,942 - ⚠️ Ошибка: 'Response' object has no attribute 'adjust_for_ambient_noise'
2026-08-15 22:28:07,052 - ⚠️ Ошибка: 'Response' object has no attribute 'adjust_for_ambient_noise'
2026-08-15 22:28:07,161 - ⚠️ Ошибка: 'Response' object has no attribute 'adjust_for_ambient_noise'
2026-08-15 22:28:07,275 - ⚠️ Ошибка: 'Response' object has no attribute 'adjust_for_ambient_noise'
2026-08-15 22:28:07,385 - ⚠️ Ошибка: 'Response' object has no attribute 'adjust_for_ambient_noise'
2026-08-15 22:28:07,494 - ⚠️ Ошибка: 'Response' object has no attribute 'adjust_for_ambient_noise'
2026-08-15 22:28:07,603 - ⚠️ Ошибка: 'Response' object has no attribute 'adjust_for_ambient_noise'
2026-08-15 22:28:07,716 - ⚠️ Ошибка: 'Response' object has no attribute 'adjust_for_ambient_noise'
2026-08-15 22:28:07,823 - ⚠️ Ошибка: 'Response' object has no attribute 'adjust_for_ambient_noise'
2026-08-15 22:28:07,936 - ⚠️ Ошибка: 'Response' object has no attribute 'adjust_for_ambient_noise'
2026-08-15 22:28:08,066 - ⚠️ Ошибка: 'Response' object has no attribute 'adjust_for_ambient_noise'
2026-08-15 22:28:08,177 - ⚠️ Ошибка: 'Response' object has no attribute 'adjust_for_ambient_noise'
2026-08-15 22:28:08,293 - ⚠️ Ошибка: 'Response' object has no attribute 'adjust_for_ambient_noise'
2026-08-15 22:28:08,408 - ⚠️ Ошибка: 'Response' object has no attribute 'adjust_for_ambient_noise'
2026-08-15 22:28:08,522 - ⚠️ Ошибка: 'Response' object has no attribute 'adjust_for_ambient_noise'
2026-08-15 22:28:08,632 - ⚠️ Ошибка: 'Response' object has no attribute 'adjust_for_ambient_noise'
2026-08-15 22:28:08,751 - ⚠️ Ошибка: 'Response' object has no attribute 'adjust_for_ambient_noise'
2026-08-15 22:28:08,865 - ⚠️ Ошибка: 'Response' object has no attribute 'adjust_for_ambient_noise'
2026-08-15 22:28:08,980 - ⚠️ Ошибка: 'Response' object has no attribute 'adjust_for_ambient_noise'
2026-08-15 22:28:09,096 - ⚠️ Ошибка: 'Response' object has no attribute 'adjust_for_ambient_noise'
2026-08-15 22:28:09,212 - ⚠️ Ошибка: 'Response' object has no attribute 'adjust_for_ambient_noise'
2026-08-15 22:28:09,330 - ⚠️ Ошибка: 'Response' object has no attribute 'adjust_for_ambient_noise'
2026-08-15 22:28:09,439 - ⚠️ Ошибка: 'Response' object has no attribute 'adjust_for_ambient_noise'
2026-08-15 22:28:09,548 - ⚠️ Ошибка: 'Response' object has no attribute 'adjust_for_ambient_noise'
2026-08-15 22:28:09,679 - ⚠️ Ошибка: 'Response' object has no attribute 'adjust_for_ambient_noise'
2026-08-15 22:28:09,792 - ⚠️ Ошибка: 'Response' object has no attribute 'adjust_for_ambient_noise'
2026-08-15 22:28:09,910 - ⚠️ Ошибка: 'Response' object has no attribute 'adjust_for_ambient_noise'
2026-08-15 22:28:10,042 - ⚠️ Ошибка: 'Response' object has no attribute 'adjust_for_ambient_noise'
2026-08-15 22:28:10,169 - ⚠️ Ошибка: 'Response' object has no attribute 'adjust_for_ambient_noise'
2026-08-15 22:28:10,288 - ⚠️ Ошибка: 'Response' object has no attribute 'adjust_for_ambient_noise'
2026-08-15 22:28:10,402 - ⚠️ Ошибка: 'Response' object has no attribute 'adjust_for_ambient_noise'
2026-08-15 22:28:10,511 - ⚠️ Ошибка: 'Response' object has no attribute 'adjust_for_ambient_noise'
2026-08-15 22:28:10,626 - ⚠️ Ошибка: 'Response' object has no attribute 'adjust_for_ambient_noise'
2026-08-15 22:28:10,740 - ⚠️ Ошибка: 'Response' object has no attribute 'adjust_for_ambient_noise'
2026-08-15 22:28:10,854 - ⚠️ Ошибка: 'Response' object has no attribute 'adjust_for_ambient_noise'
2026-08-15 22:28:10,976 - ⚠️ Ошибка: 'Response' object has no attribute 'adjust_for_ambient_noise'
2026-08-15 22:28:11,100 - ⚠️ Ошибка: 'Response' object has no attribute 'adjust_for_ambient_noise'
2026-08-15 22:28:11,211 - ⚠️ Ошибка: 'Response' object has no attribute 'adjust_for_ambient_noise'
2026-08-15 22:28:11,327 - ⚠️ Ошибка: 'Response' object has no attribute 'adjust_for_ambient_noise'
2026-08-15 22:28:11,447 - ⚠️ Ошибка: 'Response' object has no attribute 'adjust_for_ambient_noise'
2026-08-15 22:28:11,563 - ⚠️ Ошибка: 'Response' object has no attribute 'adjust_for_ambient_noise'
2026-08-15 22:28:11,686 - ⚠️ Ошибка: 'Response' object has no attribute 'adjust_for_ambient_noise'
2026-08-15 22:28:11,803 - ⚠️ Ошибка: 'Response' object has no attribute 'adjust_for_ambient_noise'
2026-08-15 22:28:11,912 - ⚠️ Ошибка: 'Response' object has no attribute 'adjust_for_ambient_noise'
2026-08-15 22:28:12,030 - ⚠️ Ошибка: 'Response' object has no attribute 'adjust_for_ambient_noise'
2026-08-15 22:28:12,157 - ⚠️ Ошибка: 'Response' object has no attribute 'adjust_for_ambient_noise'
2026-08-15 22:28:12,266 - ⚠️ Ошибка: 'Response' object has no attribute 'adjust_for_ambient_noise'
2026-08-15 22:28:12,381 - ⚠️ Ошибка: 'Response' object has no attribute 'adjust_for_ambient_noise'
2026-08-15 22:28:12,500 - ⚠️ Ошибка: 'Response' object has no attribute 'adjust_for_ambient_noise'
2026-08-15 22:28:12,628 - ⚠️ Ошибка: 'Response' object has no attribute 'adjust_for_ambient_noise'
2026-08-15 22:28:12,750 - ⚠️ Ошибка: 'Response' object has no attribute 'adjust_for_ambient_noise'
2026-08-15 22:28:12,871 - ⚠️ Ошибка: 'Response' object has no attribute 'adjust_for_ambient_noise'
2026-08-15 22:28:12,989 - ⚠️ Ошибка: 'Response' object has no attribute 'adjust_for_ambient_noise'
2026-08-15 22:28:13,108 - ⚠️ Ошибка: 'Response' object has no attribute 'adjust_for_ambient_noise'
2026-08-15 22:28:13,225 - ⚠️ Ошибка: 'Response' object has no attribute 'adjust_for_ambient_noise'
2026-08-15 22:28:13,342 - ⚠️ Ошибка: 'Response' object has no attribute 'adjust_for_ambient_noise'
2026-08-15 22:28:13,464 - ⚠️ Ошибка: 'Response' object has no attribute 'adjust_for_ambient_noise'
2026-08-15 22:28:13,600 - ⚠️ Ошибка: 'Response' object has no attribute 'adjust_for_ambient_noise'
2026-08-15 22:28:13,738 - ⚠️ Ошибка: 'Response' object has no attribute 'adjust_for_ambient_noise'
2026-08-15 22:28:13,880 - ⚠️ Ошибка: 'Response' object has no attribute 'adjust_for_ambient_noise'
2026-08-15 22:28:14,025 - ⚠️ Ошибка: 'Response' object has no attribute 'adjust_for_ambient_noise'
2026-08-15 22:28:14,164 - ⚠️ Ошибка: 'Response' object has no attribute 'adjust_for_ambient_noise'
2026-08-15 22:28:14,297 - ⚠️ Ошибка: 'Response' object has no attribute 'adjust_for_ambient_noise'
2026-08-15 22:28:14,432 - ⚠️ Ошибка: 'Response' object has no attribute 'adjust_for_ambient_noise'
2026-08-15 22:28:14,567 - ⚠️ Ошибка: 'Response' object has no attribute 'adjust_for_ambient_noise'
2026-08-15 22:28:14,710 - ⚠️ Ошибка: 'Response' object has no attribute 'adjust_for_ambient_noise'
2026-08-15 22:28:14,861 - ⚠️ Ошибка: 'Response' object has no attribute 'adjust_for_ambient_noise'
2026-08-15 22:28:14,995 - ⚠️ Ошибка: 'Response' object has no attribute 'adjust_for_ambient_noise'
2026-08-15 22:28:15,119 - ⚠️ Ошибка: 'Response' object has no attribute 'adjust_for_ambient_noise'
2026-08-15 22:28:15,246 - ⚠️ Ошибка: 'Response' object has no attribute 'adjust_for_ambient_noise'
2026-08-15 22:28:15,372 - ⚠️ Ошибка: 'Response' object has no attribute 'adjust_for_ambient_noise'
2026-08-15 22:28:15,490 - ⚠️ Ошибка: 'Response' object has no attribute 'adjust_for_ambient_noise'
2026-08-15 22:28:15,605 - ⚠️ Ошибка: 'Response' object has no attribute 'adjust_for_ambient_noise'
2026-08-15 22:28:15,743 - ⚠️ Ошибка: 'Response' object has no attribute 'adjust_for_ambient_noise'
2026-08-15 22:28:15,867 - ⚠️ Ошибка: 'Response' object has no attribute 'adjust_for_ambient_noise'
2026-08-15 22:28:16,002 - ⚠️ Ошибка: 'Response' object has no attribute 'adjust_for_ambient_noise'
2026-08-15 22:28:16,126 - ⚠️ Ошибка: 'Response' object has no attribute 'adjust_for_ambient_noise'
2026-08-15 22:28:16,249 - ⚠️ Ошибка: 'Response' object has no attribute 'adjust_for_ambient_noise'
2026-08-15 22:28:16,373 - ⚠️ Ошибка: 'Response' object has no attribute 'adjust_for_ambient_noise'
2026-08-15 22:28:16,491 - ⚠️ Ошибка: 'Response' object has no attribute 'adjust_for_ambient_noise'
2026-08-15 22:28:16,606 - ⚠️ Ошибка: 'Response' object has no attribute 'adjust_for_ambient_noise'
2026-08-15 22:28:16,727 - ⚠️ Ошибка: 'Response' object has no attribute 'adjust_for_ambient_noise'
2026-08-15 22:28:16,843 - ⚠️ Ошибка: 'Response' object has no attribute 'adjust_for_ambient_noise'
2026-08-15 22:28:16,959 - ⚠️ Ошибка: 'Response' object has no attribute 'adjust_for_ambient_noise'
2026-08-15 22:28:17,075 - ⚠️ Ошибка: 'Response' object has no attribute 'adjust_for_ambient_noise'
2026-08-15 22:28:17,187 - ⚠️ Ошибка: 'Response' object has no attribute 'adjust_for_ambient_noise'
2026-08-15 22:28:17,298 - ⚠️ Ошибка: 'Response' object has no attribute 'adjust_for_ambient_noise'
2026-08-15 22:28:17,409 - ⚠️ Ошибка: 'Response' object has no attribute 'adjust_for_ambient_noise'
2026-08-15 22:28:17,518 - ⚠️ Ошибка: 'Response' object has no attribute 'adjust_for_ambient_noise'
2026-08-15 22:28:17,627 - ⚠️ Ошибка: 'Response' object has no attribute 'adjust_for_ambient_noise'
2026-08-15 22:28:17,745 - ⚠️ Ошибка: 'Response' object has no attribute 'adjust_for_ambient_noise'
2026-08-15 22:28:17,885 - ⚠️ Ошибка: 'Response' object has no attribute 'adjust_for_ambient_noise'
2026-08-15 22:28:18,016 - ⚠️ Ошибка: 'Response' object has no attribute 'adjust_for_ambient_noise'
2026-08-15 22:28:18,131 - ⚠️ Ошибка: 'Response' object has no attribute 'adjust_for_ambient_noise'
2026-08-15 22:28:18,242 - ⚠️ Ошибка: 'Response' object has no attribute 'adjust_for_ambient_noise'
2026-08-15 22:28:18,356 - ⚠️ Ошибка: 'Response' object has no attribute 'adjust_for_ambient_noise'
2026-08-15 22:28:18,469 - ⚠️ Ошибка: 'Response' object has no attribute 'adjust_for_ambient_noise'
2026-08-15 22:28:18,590 - ⚠️ Ошибка: 'Response' object has no attribute 'adjust_for_ambient_noise'
2026-08-15 22:28:18,709 - ⚠️ Ошибка: 'Response' object has no attribute 'adjust_for_ambient_noise'
2026-08-15 22:28:18,831 - ⚠️ Ошибка: 'Response' object has no attribute 'adjust_for_ambient_noise'
2026-08-15 22:28:18,945 - ⚠️ Ошибка: 'Response' object has no attribute 'adjust_for_ambient_noise'
2026-08-15 22:28:19,067 - ⚠️ Ошибка: 'Response' object has no attribute 'adjust_for_ambient_noise'
2026-08-15 22:28:19,183 - ⚠️ Ошибка: 'Response' object has no attribute 'adjust_for_ambient_noise'
2026-08-15 22:28:19,290 - ⚠️ Ошибка: 'Response' object has no attribute 'adjust_for_ambient_noise'
2026-08-15 22:28:19,405 - ⚠️ Ошибка: 'Response' object has no attribute 'adjust_for_ambient_noise'
2026-08-15 22:28:19,536 - ⚠️ Ошибка: 'Response' object has no attribute 'adjust_for_ambient_noise'
2026-08-15 22:28:19,650 - ⚠️ Ошибка: 'Response' object has no attribute 'adjust_for_ambient_noise'
2026-08-15 22:28:19,757 - ⚠️ Ошибка: 'Response' object has no attribute 'adjust_for_ambient_noise'
2026-08-15 22:28:19,863 - ⚠️ Ошибка: 'Response' object has no attribute 'adjust_for_ambient_noise'
2026-08-15 22:28:19,964 - ⚠️ Ошибка: 'Response' object has no attribute 'adjust_for_ambient_noise'
2026-08-15 22:28:20,070 - ⚠️ Ошибка: 'Response' object has no attribute 'adjust_for_ambient_noise'
2026-08-15 22:28:20,164 - ⚠️ Ошибка: 'Response' object has no attribute 'adjust_for_ambient_noise'
2026-08-15 22:28:20,258 - ⚠️ Ошибка: 'Response' object has no attribute 'adjust_for_ambient_noise'
2026-08-15 22:28:20,360 - ⚠️ Ошибка: 'Response' object has no attribute 'adjust_for_ambient_noise'
2026-08-15 22:28:20,458 - ⚠️ Ошибка: 'Response' object has no attribute 'adjust_for_ambient_noise'
2026-08-15 22:28:20,586 - ⚠️ Ошибка: 'Response' object has no attribute 'adjust_for_ambient_noise'
2026-08-15 22:28:20,709 - ⚠️ Ошибка: 'Response' object has no attribute 'adjust_for_ambient_noise'
2026-08-15 22:28:20,806 - ⚠️ Ошибка: 'Response' object has no attribute 'adjust_for_ambient_noise'
2026-08-15 22:28:20,910 - ⚠️ Ошибка: 'Response' object has no attribute 'adjust_for_ambient_noise'
2026-08-15 22:28:21,017 - ⚠️ Ошибка: 'Response' object has no attribute 'adjust_for_ambient_noise'
2026-08-15 22:28:21,113 - ⚠️ Ошибка: 'Response' object has no attribute 'adjust_for_ambient_noise'
2026-08-15 22:28:21,209 - ⚠️ Ошибка: 'Response' object has no attribute 'adjust_for_ambient_noise'
2026-08-15 22:28:21,323 - ⚠️ Ошибка: 'Response' object has no attribute 'adjust_for_ambient_noise'
2026-08-15 22:28:21,424 - ⚠️ Ошибка: 'Response' object has no attribute 'adjust_for_ambient_noise'
2026-08-15 22:28:21,522 - ⚠️ Ошибка: 'Response' object has no attribute 'adjust_for_ambient_noise'
2026-08-15 22:28:21,632 - ⚠️ Ошибка: 'Response' object has no attribute 'adjust_for_ambient_noise'
2026-08-15 22:28:21,733 - ⚠️ Ошибка: 'Response' object has no attribute 'adjust_for_ambient_noise'
2026-08-15 22:28:21,828 - ⚠️ Ошибка: 'Response' object has no attribute 'adjust_for_ambient_noise'
2026-08-15 22:28:21,935 - ⚠️ Ошибка: 'Response' object has no attribute 'adjust_for_ambient_noise'
2026-08-15 22:28:22,058 - ⚠️ Ошибка: 'Response' object has no attribute 'adjust_for_ambient_noise'
2026-08-15 22:28:22,162 - ⚠️ Ошибка: 'Response' object has no attribute 'adjust_for_ambient_noise'
2026-08-15 22:28:22,269 - ⚠️ Ошибка: 'Response' object has no attribute 'adjust_for_ambient_noise'
2026-08-15 22:28:22,380 - ⚠️ Ошибка: 'Response' object has no attribute 'adjust_for_ambient_noise'
2026-08-15 22:28:22,475 - ⚠️ Ошибка: 'Response' object has no attribute 'adjust_for_ambient_noise'
2026-08-15 22:28:22,600 - ⚠️ Ошибка: 'Response' object has no attribute 'adjust_for_ambient_noise'
2026-08-15 22:28:22,703 - ⚠️ Ошибка: 'Response' object has no attribute 'adjust_for_ambient_noise'
2026-08-15 22:28:22,812 - ⚠️ Ошибка: 'Response' object has no attribute 'adjust_for_ambient_noise'
2026-08-15 22:28:22,913 - ⚠️ Ошибка: 'Response' object has no attribute 'adjust_for_ambient_noise'
2026-08-15 22:28:23,013 - ⚠️ Ошибка: 'Response' object has no attribute 'adjust_for_ambient_noise'
2026-08-15 22:28:23,113 - ⚠️ Ошибка: 'Response' object has no attribute 'adjust_for_ambient_noise'
2026-08-15 22:28:23,209 - ⚠️ Ошибка: 'Response' object has no attribute 'adjust_for_ambient_noise'
2026-08-15 22:28:23,303 - ⚠️ Ошибка: 'Response' object has no attribute 'adjust_for_ambient_noise'
2026-08-15 22:28:23,416 - ⚠️ Ошибка: 'Response' object has no attribute 'adjust_for_ambient_noise'
2026-08-15 22:28:23,513 - ⚠️ Ошибка: 'Response' object has no attribute 'adjust_for_ambient_noise'
2026-08-15 22:28:23,611 - ⚠️ Ошибка: 'Response' object has no attribute 'adjust_for_ambient_noise'
2026-08-15 22:28:23,755 - ⚠️ Ошибка: 'Response' object has no attribute 'adjust_for_ambient_noise'
2026-08-15 22:28:23,857 - ⚠️ Ошибка: 'Response' object has no attribute 'adjust_for_ambient_noise'
2026-08-15 22:28:23,984 - ⚠️ Ошибка: 'Response' object has no attribute 'adjust_for_ambient_noise'
2026-08-15 22:28:24,081 - ⚠️ Ошибка: 'Response' object has no attribute 'adjust_for_ambient_noise'
2026-08-15 22:28:24,191 - ⚠️ Ошибка: 'Response' object has no attribute 'adjust_for_ambient_noise'
2026-08-15 22:28:24,291 - ⚠️ Ошибка: 'Response' object has no attribute 'adjust_for_ambient_noise'
2026-08-15 22:28:24,395 - ⚠️ Ошибка: 'Response' object has no attribute 'adjust_for_ambient_noise'
2026-08-15 22:28:24,491 - ⚠️ Ошибка: 'Response' object has no attribute 'adjust_for_ambient_noise'
2026-08-15 22:28:24,586 - ⚠️ Ошибка: 'Response' object has no attribute 'adjust_for_ambient_noise'
2026-08-15 22:28:24,693 - ⚠️ Ошибка: 'Response' object has no attribute 'adjust_for_ambient_noise'
2026-08-15 22:28:24,795 - ⚠️ Ошибка: 'Response' object has no attribute 'adjust_for_ambient_noise'
2026-08-15 22:28:24,906 - ⚠️ Ошибка: 'Response' object has no attribute 'adjust_for_ambient_noise'
2026-08-15 22:28:25,015 - ⚠️ Ошибка: 'Response' object has no attribute 'adjust_for_ambient_noise'
2026-08-15 22:28:25,117 - ⚠️ Ошибка: 'Response' object has no attribute 'adjust_for_ambient_noise'
2026-08-15 22:28:25,213 - ⚠️ Ошибка: 'Response' object has no attribute 'adjust_for_ambient_noise'
2026-08-15 22:28:25,310 - ⚠️ Ошибка: 'Response' object has no attribute 'adjust_for_ambient_noise'
2026-08-15 22:28:25,406 - ⚠️ Ошибка: 'Response' object has no attribute 'adjust_for_ambient_noise'
2026-08-15 22:28:25,502 - ⚠️ Ошибка: 'Response' object has no attribute 'adjust_for_ambient_noise'
2026-08-15 22:28:25,599 - ⚠️ Ошибка: 'Response' object has no attribute 'adjust_for_ambient_noise'
2026-08-15 22:28:25,715 - ⚠️ Ошибка: 'Response' object has no attribute 'adjust_for_ambient_noise'
2026-08-15 22:28:25,813 - ⚠️ Ошибка: 'Response' object has no attribute 'adjust_for_ambient_noise'
2026-08-15 22:28:25,915 - ⚠️ Ошибка: 'Response' object has no attribute 'adjust_for_ambient_noise'
2026-08-15 22:28:26,012 - ⚠️ Ошибка: 'Response' object has no attribute 'adjust_for_ambient_noise'
2026-08-15 22:28:26,112 - ⚠️ Ошибка: 'Response' object has no attribute 'adjust_for_ambient_noise'
2026-08-15 22:28:26,208 - ⚠️ Ошибка: 'Response' object has no attribute 'adjust_for_ambient_noise'
2026-08-15 22:28:26,303 - ⚠️ Ошибка: 'Response' object has no attribute 'adjust_for_ambient_noise'
2026-08-15 22:28:26,397 - ⚠️ Ошибка: 'Response' object has no attribute 'adjust_for_ambient_noise'
2026-08-15 22:28:26,491 - ⚠️ Ошибка: 'Response' object has no attribute 'adjust_for_ambient_noise'
2026-08-15 22:28:26,585 - ⚠️ Ошибка: 'Response' object has no attribute 'adjust_for_ambient_noise'
2026-08-15 22:28:26,704 - ⚠️ Ошибка: 'Response' object has no attribute 'adjust_for_ambient_noise'
2026-08-15 22:28:26,802 - ⚠️ Ошибка: 'Response' object has no attribute 'adjust_for_ambient_noise'
2026-08-15 22:28:26,900 - ⚠️ Ошибка: 'Response' object has no attribute 'adjust_for_ambient_noise'
2026-08-15 22:28:26,999 - ⚠️ Ошибка: 'Response' object has no attribute 'adjust_for_ambient_noise'
2026-08-15 22:28:27,121 - ⚠️ Ошибка: 'Response' object has no attribute 'adjust_for_ambient_noise'
2026-08-15 22:28:27,216 - ⚠️ Ошибка: 'Response' object has no attribute 'adjust_for_ambient_noise'
2026-08-15 22:28:27,311 - ⚠️ Ошибка: 'Response' object has no attribute 'adjust_for_ambient_noise'
2026-08-15 22:28:27,408 - ⚠️ Ошибка: 'Response' object has no attribute 'adjust_for_ambient_noise'
2026-08-15 22:28:27,503 - ⚠️ Ошибка: 'Response' object has no attribute 'adjust_for_ambient_noise'
2026-08-15 22:28:27,609 - ⚠️ Ошибка: 'Response' object has no attribute 'adjust_for_ambient_noise'
2026-08-15 22:28:27,715 - ⚠️ Ошибка: 'Response' object has no attribute 'adjust_for_ambient_noise'
2026-08-15 22:28:27,810 - ⚠️ Ошибка: 'Response' object has no attribute 'adjust_for_ambient_noise'
2026-08-15 22:28:27,906 - ⚠️ Ошибка: 'Response' object has no attribute 'adjust_for_ambient_noise'
2026-08-15 22:28:28,028 - ⚠️ Ошибка: 'Response' object has no attribute 'adjust_for_ambient_noise'
2026-08-15 22:28:28,129 - ⚠️ Ошибка: 'Response' object has no attribute 'adjust_for_ambient_noise'
2026-08-15 22:28:28,229 - ⚠️ Ошибка: 'Response' object has no attribute 'adjust_for_ambient_noise'
2026-08-15 22:28:28,355 - ⚠️ Ошибка: 'Response' object has no attribute 'adjust_for_ambient_noise'
2026-08-15 22:28:28,454 - ⚠️ Ошибка: 'Response' object has no attribute 'adjust_for_ambient_noise'
2026-08-15 22:28:28,557 - ⚠️ Ошибка: 'Response' object has no attribute 'adjust_for_ambient_noise'
2026-08-15 22:28:28,665 - ⚠️ Ошибка: 'Response' object has no attribute 'adjust_for_ambient_noise'
2026-08-15 22:28:28,762 - ⚠️ Ошибка: 'Response' object has no attribute 'adjust_for_ambient_noise'
2026-08-15 22:28:28,859 - ⚠️ Ошибка: 'Response' object has no attribute 'adjust_for_ambient_noise'
2026-08-15 22:28:28,954 - ⚠️ Ошибка: 'Response' object has no attribute 'adjust_for_ambient_noise'
2026-08-15 22:28:29,058 - ⚠️ Ошибка: 'Response' object has no attribute 'adjust_for_ambient_noise'
2026-08-15 22:28:29,164 - ⚠️ Ошибка: 'Response' object has no attribute 'adjust_for_ambient_noise'
2026-08-15 22:28:29,261 - ⚠️ Ошибка: 'Response' object has no attribute 'adjust_for_ambient_noise'
2026-08-15 22:28:29,387 - ⚠️ Ошибка: 'Response' object has no attribute 'adjust_for_ambient_noise'
2026-08-15 22:28:29,496 - ⚠️ Ошибка: 'Response' object has no attribute 'adjust_for_ambient_noise'
2026-08-15 22:28:29,599 - ⚠️ Ошибка: 'Response' object has no attribute 'adjust_for_ambient_noise'
2026-08-15 22:28:29,714 - ⚠️ Ошибка: 'Response' object has no attribute 'adjust_for_ambient_noise'
2026-08-15 22:28:29,811 - ⚠️ Ошибка: 'Response' object has no attribute 'adjust_for_ambient_noise'
2026-08-15 22:28:29,908 - ⚠️ Ошибка: 'Response' object has no attribute 'adjust_for_ambient_noise'
2026-08-15 22:28:30,036 - ⚠️ Ошибка: 'Response' object has no attribute 'adjust_for_ambient_noise'
2026-08-15 22:28:30,155 - ⚠️ Ошибка: 'Response' object has no attribute 'adjust_for_ambient_noise'
2026-08-15 22:28:30,266 - ⚠️ Ошибка: 'Response' object has no attribute 'adjust_for_ambient_noise'
2026-08-15 22:28:30,363 - ⚠️ Ошибка: 'Response' object has no attribute 'adjust_for_ambient_noise'
2026-08-15 22:28:30,472 - ⚠️ Ошибка: 'Response' object has no attribute 'adjust_for_ambient_noise'
2026-08-15 22:28:30,565 - ⚠️ Ошибка: 'Response' object has no attribute 'adjust_for_ambient_noise'
2026-08-15 22:28:30,663 - ⚠️ Ошибка: 'Response' object has no attribute 'adjust_for_ambient_noise'
2026-08-15 22:28:30,759 - ⚠️ Ошибка: 'Response' object has no attribute 'adjust_for_ambient_noise'
2026-08-15 22:28:30,887 - ⚠️ Ошибка: 'Response' object has no attribute 'adjust_for_ambient_noise'
2026-08-15 22:28:30,984 - ⚠️ Ошибка: 'Response' object has no attribute 'adjust_for_ambient_noise'
2026-08-15 22:28:31,080 - ⚠️ Ошибка: 'Response' object has no attribute 'adjust_for_ambient_noise'
2026-08-15 22:28:31,202 - ⚠️ Ошибка: 'Response' object has no attribute 'adjust_for_ambient_noise'
2026-08-15 22:28:31,297 - ⚠️ Ошибка: 'Response' object has no attribute 'adjust_for_ambient_noise'
2026-08-15 22:28:31,393 - ⚠️ Ошибка: 'Response' object has no attribute 'adjust_for_ambient_noise'
2026-08-15 22:28:31,492 - ⚠️ Ошибка: 'Response' object has no attribute 'adjust_for_ambient_noise'
2026-08-15 22:28:31,587 - ⚠️ Ошибка: 'Response' object has no attribute 'adjust_for_ambient_noise'
2026-08-15 22:28:31,686 - ⚠️ Ошибка: 'Response' object has no attribute 'adjust_for_ambient_noise'
2026-08-15 22:28:31,785 - ⚠️ Ошибка: 'Response' object has no attribute 'adjust_for_ambient_noise'
2026-08-15 22:28:31,894 - ⚠️ Ошибка: 'Response' object has no attribute 'adjust_for_ambient_noise'
2026-08-15 22:28:32,025 - ⚠️ Ошибка: 'Response' object has no attribute 'adjust_for_ambient_noise'
2026-08-15 22:28:32,131 - ⚠️ Ошибка: 'Response' object has no attribute 'adjust_for_ambient_noise'
2026-08-15 22:28:32,226 - ⚠️ Ошибка: 'Response' object has no attribute 'adjust_for_ambient_noise'
2026-08-15 22:28:32,346 - ⚠️ Ошибка: 'Response' object has no attribute 'adjust_for_ambient_noise'
2026-08-15 22:28:32,447 - ⚠️ Ошибка: 'Response' object has no attribute 'adjust_for_ambient_noise'
2026-08-15 22:28:32,543 - ⚠️ Ошибка: 'Response' object has no attribute 'adjust_for_ambient_noise'
2026-08-15 22:28:32,642 - ⚠️ Ошибка: 'Response' object has no attribute 'adjust_for_ambient_noise'
2026-08-15 22:28:32,747 - ⚠️ Ошибка: 'Response' object has no attribute 'adjust_for_ambient_noise'
2026-08-15 22:28:32,841 - ⚠️ Ошибка: 'Response' object has no attribute 'adjust_for_ambient_noise'
2026-08-15 22:28:32,940 - ⚠️ Ошибка: 'Response' object has no attribute 'adjust_for_ambient_noise'
2026-08-15 22:28:33,040 - ⚠️ Ошибка: 'Response' object has no attribute 'adjust_for_ambient_noise'
2026-08-15 22:28:33,182 - ⚠️ Ошибка: 'Response' object has no attribute 'adjust_for_ambient_noise'
2026-08-15 22:28:33,282 - ⚠️ Ошибка: 'Response' object has no attribute 'adjust_for_ambient_noise'
2026-08-15 22:28:33,378 - ⚠️ Ошибка: 'Response' object has no attribute 'adjust_for_ambient_noise'
2026-08-15 22:28:33,477 - ⚠️ Ошибка: 'Response' object has no attribute 'adjust_for_ambient_noise'
2026-08-15 22:28:33,573 - ⚠️ Ошибка: 'Response' object has no attribute 'adjust_for_ambient_noise'
2026-08-15 22:28:33,700 - ⚠️ Ошибка: 'Response' object has no attribute 'adjust_for_ambient_noise'
2026-08-15 22:28:33,796 - ⚠️ Ошибка: 'Response' object has no attribute 'adjust_for_ambient_noise'
2026-08-15 22:28:33,891 - ⚠️ Ошибка: 'Response' object has no attribute 'adjust_for_ambient_noise'
2026-08-15 22:28:33,985 - ⚠️ Ошибка: 'Response' object has no attribute 'adjust_for_ambient_noise'
2026-08-15 22:28:34,081 - ⚠️ Ошибка: 'Response' object has no attribute 'adjust_for_ambient_noise'
2026-08-15 22:28:34,185 - ⚠️ Ошибка: 'Response' object has no attribute 'adjust_for_ambient_noise'
2026-08-15 22:28:34,315 - ⚠️ Ошибка: 'Response' object has no attribute 'adjust_for_ambient_noise'
2026-08-15 22:28:34,413 - ⚠️ Ошибка: 'Response' object has no attribute 'adjust_for_ambient_noise'
2026-08-15 22:28:34,523 - ⚠️ Ошибка: 'Response' object has no attribute 'adjust_for_ambient_noise'
2026-08-15 22:28:34,658 - ⚠️ Ошибка: 'Response' object has no attribute 'adjust_for_ambient_noise'
2026-08-15 22:28:34,767 - ⚠️ Ошибка: 'Response' object has no attribute 'adjust_for_ambient_noise'
2026-08-15 22:28:34,870 - ⚠️ Ошибка: 'Response' object has no attribute 'adjust_for_ambient_noise'
2026-08-15 22:28:34,967 - ⚠️ Ошибка: 'Response' object has no attribute 'adjust_for_ambient_noise'
2026-08-15 22:28:35,075 - ⚠️ Ошибка: 'Response' object has no attribute 'adjust_for_ambient_noise'
2026-08-15 22:28:35,193 - ⚠️ Ошибка: 'Response' object has no attribute 'adjust_for_ambient_noise'
2026-08-15 22:28:35,300 - ⚠️ Ошибка: 'Response' object has no attribute 'adjust_for_ambient_noise'
2026-08-15 22:28:35,403 - ⚠️ Ошибка: 'Response' object has no attribute 'adjust_for_ambient_noise'
2026-08-15 22:28:35,505 - ⚠️ Ошибка: 'Response' object has no attribute 'adjust_for_ambient_noise'
2026-08-15 22:28:35,616 - ⚠️ Ошибка: 'Response' object has no attribute 'adjust_for_ambient_noise'
2026-08-15 22:28:35,751 - ⚠️ Ошибка: 'Response' object has no attribute 'adjust_for_ambient_noise'
2026-08-15 22:28:35,861 - ⚠️ Ошибка: 'Response' object has no attribute 'adjust_for_ambient_noise'
2026-08-15 22:28:35,965 - ⚠️ Ошибка: 'Response' object has no attribute 'adjust_for_ambient_noise'
2026-08-15 22:28:36,074 - ⚠️ Ошибка: 'Response' object has no attribute 'adjust_for_ambient_noise'
2026-08-15 22:28:36,180 - ⚠️ Ошибка: 'Response' object has no attribute 'adjust_for_ambient_noise'
2026-08-15 22:28:36,283 - ⚠️ Ошибка: 'Response' object has no attribute 'adjust_for_ambient_noise'
2026-08-15 22:28:36,414 - ⚠️ Ошибка: 'Response' object has no attribute 'adjust_for_ambient_noise'
2026-08-15 22:28:36,523 - ⚠️ Ошибка: 'Response' object has no attribute 'adjust_for_ambient_noise'
2026-08-15 22:28:36,662 - ⚠️ Ошибка: 'Response' object has no attribute 'adjust_for_ambient_noise'
2026-08-15 22:28:36,771 - ⚠️ Ошибка: 'Response' object has no attribute 'adjust_for_ambient_noise'
2026-08-15 22:28:36,881 - ⚠️ Ошибка: 'Response' object has no attribute 'adjust_for_ambient_noise'
2026-08-15 22:28:36,982 - ⚠️ Ошибка: 'Response' object has no attribute 'adjust_for_ambient_noise'
2026-08-15 22:28:37,082 - ⚠️ Ошибка: 'Response' object has no attribute 'adjust_for_ambient_noise'
2026-08-15 22:28:37,177 - ⚠️ Ошибка: 'Response' object has no attribute 'adjust_for_ambient_noise'
2026-08-15 22:28:37,275 - ⚠️ Ошибка: 'Response' object has no attribute 'adjust_for_ambient_noise'
2026-08-15 22:28:37,372 - ⚠️ Ошибка: 'Response' object has no attribute 'adjust_for_ambient_noise'
2026-08-15 22:28:37,479 - ⚠️ Ошибка: 'Response' object has no attribute 'adjust_for_ambient_noise'
2026-08-15 22:28:37,580 - ⚠️ Ошибка: 'Response' object has no attribute 'adjust_for_ambient_noise'
2026-08-15 22:28:37,688 - ⚠️ Ошибка: 'Response' object has no attribute 'adjust_for_ambient_noise'
2026-08-15 22:28:37,810 - ⚠️ Ошибка: 'Response' object has no attribute 'adjust_for_ambient_noise'
2026-08-15 22:28:37,913 - ⚠️ Ошибка: 'Response' object has no attribute 'adjust_for_ambient_noise'
2026-08-15 22:28:38,026 - ⚠️ Ошибка: 'Response' object has no attribute 'adjust_for_ambient_noise'
2026-08-15 22:28:38,128 - ⚠️ Ошибка: 'Response' object has no attribute 'adjust_for_ambient_noise'
2026-08-15 22:28:38,229 - ⚠️ Ошибка: 'Response' object has no attribute 'adjust_for_ambient_noise'
2026-08-15 22:28:38,330 - ⚠️ Ошибка: 'Response' object has no attribute 'adjust_for_ambient_noise'
2026-08-15 22:28:38,432 - ⚠️ Ошибка: 'Response' object has no attribute 'adjust_for_ambient_noise'
2026-08-15 22:28:38,530 - ⚠️ Ошибка: 'Response' object has no attribute 'adjust_for_ambient_noise'
2026-08-15 22:28:38,626 - ⚠️ Ошибка: 'Response' object has no attribute 'adjust_for_ambient_noise'
2026-08-15 22:28:38,744 - ⚠️ Ошибка: 'Response' object has no attribute 'adjust_for_ambient_noise'
2026-08-15 22:28:38,854 - ⚠️ Ошибка: 'Response' object has no attribute 'adjust_for_ambient_noise'
2026-08-15 22:28:38,973 - ⚠️ Ошибка: 'Response' object has no attribute 'adjust_for_ambient_noise'
2026-08-15 22:28:39,073 - ⚠️ Ошибка: 'Response' object has no attribute 'adjust_for_ambient_noise'
2026-08-15 22:28:39,172 - ⚠️ Ошибка: 'Response' object has no attribute 'adjust_for_ambient_noise'
2026-08-15 22:28:39,278 - ⚠️ Ошибка: 'Response' object has no attribute 'adjust_for_ambient_noise'
2026-08-15 22:28:39,375 - ⚠️ Ошибка: 'Response' object has no attribute 'adjust_for_ambient_noise'
2026-08-15 22:28:39,478 - ⚠️ Ошибка: 'Response' object has no attribute 'adjust_for_ambient_noise'
2026-08-15 22:28:39,578 - ⚠️ Ошибка: 'Response' object has no attribute 'adjust_for_ambient_noise'
2026-08-15 22:28:39,679 - ⚠️ Ошибка: 'Response' object has no attribute 'adjust_for_ambient_noise'
2026-08-15 22:28:39,789 - ⚠️ Ошибка: 'Response' object has no attribute 'adjust_for_ambient_noise'
2026-08-15 22:28:39,919 - ⚠️ Ошибка: 'Response' object has no attribute 'adjust_for_ambient_noise'
2026-08-15 22:28:40,019 - ⚠️ Ошибка: 'Response' object has no attribute 'adjust_for_ambient_noise'
2026-08-15 22:28:40,116 - ⚠️ Ошибка: 'Response' object has no attribute 'adjust_for_ambient_noise'
2026-08-15 22:28:40,231 - ⚠️ Ошибка: 'Response' object has no attribute 'adjust_for_ambient_noise'
2026-08-15 22:28:40,336 - ⚠️ Ошибка: 'Response' object has no attribute 'adjust_for_ambient_noise'
2026-08-15 22:28:40,436 - ⚠️ Ошибка: 'Response' object has no attribute 'adjust_for_ambient_noise'
2026-08-15 22:28:40,543 - ⚠️ Ошибка: 'Response' object has no attribute 'adjust_for_ambient_noise'
2026-08-15 22:28:40,642 - ⚠️ Ошибка: 'Response' object has no attribute 'adjust_for_ambient_noise'
2026-08-15 22:28:40,740 - ⚠️ Ошибка: 'Response' object has no attribute 'adjust_for_ambient_noise'
2026-08-15 22:28:40,839 - ⚠️ Ошибка: 'Response' object has no attribute 'adjust_for_ambient_noise'
2026-08-15 22:28:40,954 - ⚠️ Ошибка: 'Response' object has no attribute 'adjust_for_ambient_noise'
2026-08-15 22:28:41,068 - ⚠️ Ошибка: 'Response' object has no attribute 'adjust_for_ambient_noise'
2026-08-15 22:28:41,166 - ⚠️ Ошибка: 'Response' object has no attribute 'adjust_for_ambient_noise'
2026-08-15 22:28:41,266 - ⚠️ Ошибка: 'Response' object has no attribute 'adjust_for_ambient_noise'
2026-08-15 22:28:41,381 - ⚠️ Ошибка: 'Response' object has no attribute 'adjust_for_ambient_noise'
2026-08-15 22:28:41,485 - ⚠️ Ошибка: 'Response' object has no attribute 'adjust_for_ambient_noise'
2026-08-15 22:28:41,581 - ⚠️ Ошибка: 'Response' object has no attribute 'adjust_for_ambient_noise'
2026-08-15 22:28:41,696 - ⚠️ Ошибка: 'Response' object has no attribute 'adjust_for_ambient_noise'
2026-08-15 22:28:41,804 - ⚠️ Ошибка: 'Response' object has no attribute 'adjust_for_ambient_noise'
2026-08-15 22:28:41,920 - ⚠️ Ошибка: 'Response' object has no attribute 'adjust_for_ambient_noise'
2026-08-15 22:28:42,031 - ⚠️ Ошибка: 'Response' object has no attribute 'adjust_for_ambient_noise'
2026-08-15 22:28:42,137 - ⚠️ Ошибка: 'Response' object has no attribute 'adjust_for_ambient_noise'
2026-08-15 22:28:42,251 - ⚠️ Ошибка: 'Response' object has no attribute 'adjust_for_ambient_noise'
2026-08-15 22:28:42,354 - ⚠️ Ошибка: 'Response' object has no attribute 'adjust_for_ambient_noise'
2026-08-15 22:28:42,461 - ⚠️ Ошибка: 'Response' object has no attribute 'adjust_for_ambient_noise'
2026-08-15 22:28:42,560 - ⚠️ Ошибка: 'Response' object has no attribute 'adjust_for_ambient_noise'
2026-08-15 22:28:42,655 - ⚠️ Ошибка: 'Response' object has no attribute 'adjust_for_ambient_noise'
2026-08-15 22:28:42,756 - ⚠️ Ошибка: 'Response' object has no attribute 'adjust_for_ambient_noise'
2026-08-15 22:28:42,863 - ⚠️ Ошибка: 'Response' object has no attribute 'adjust_for_ambient_noise'
2026-08-15 22:28:42,962 - ⚠️ Ошибка: 'Response' object has no attribute 'adjust_for_ambient_noise'
2026-08-15 22:28:43,073 - ⚠️ Ошибка: 'Response' object has no attribute 'adjust_for_ambient_noise'
2026-08-15 22:28:43,173 - ⚠️ Ошибка: 'Response' object has no attribute 'adjust_for_ambient_noise'
2026-08-15 22:28:43,269 - ⚠️ Ошибка: 'Response' object has no attribute 'adjust_for_ambient_noise'
2026-08-15 22:28:43,372 - ⚠️ Ошибка: 'Response' object has no attribute 'adjust_for_ambient_noise'
2026-08-15 22:28:43,475 - ⚠️ Ошибка: 'Response' object has no attribute 'adjust_for_ambient_noise'
2026-08-15 22:28:43,578 - ⚠️ Ошибка: 'Response' object has no attribute 'adjust_for_ambient_noise'
2026-08-15 22:28:43,695 - ⚠️ Ошибка: 'Response' object has no attribute 'adjust_for_ambient_noise'
2026-08-15 22:28:43,799 - ⚠️ Ошибка: 'Response' object has no attribute 'adjust_for_ambient_noise'
2026-08-15 22:28:43,905 - ⚠️ Ошибка: 'Response' object has no attribute 'adjust_for_ambient_noise'
2026-08-15 22:28:44,004 - ⚠️ Ошибка: 'Response' object has no attribute 'adjust_for_ambient_noise'
2026-08-15 22:28:44,107 - ⚠️ Ошибка: 'Response' object has no attribute 'adjust_for_ambient_noise'
2026-08-15 22:28:44,214 - ⚠️ Ошибка: 'Response' object has no attribute 'adjust_for_ambient_noise'
2026-08-15 22:28:44,308 - ⚠️ Ошибка: 'Response' object has no attribute 'adjust_for_ambient_noise'
2026-08-15 22:28:44,403 - ⚠️ Ошибка: 'Response' object has no attribute 'adjust_for_ambient_noise'
2026-08-15 22:28:44,496 - ⚠️ Ошибка: 'Response' object has no attribute 'adjust_for_ambient_noise'
2026-08-15 22:28:44,594 - ⚠️ Ошибка: 'Response' object has no attribute 'adjust_for_ambient_noise'
2026-08-15 22:28:44,698 - ⚠️ Ошибка: 'Response' object has no attribute 'adjust_for_ambient_noise'
2026-08-15 22:28:44,795 - ⚠️ Ошибка: 'Response' object has no attribute 'adjust_for_ambient_noise'
2026-08-15 22:28:44,890 - ⚠️ Ошибка: 'Response' object has no attribute 'adjust_for_ambient_noise'
2026-08-15 22:28:44,985 - ⚠️ Ошибка: 'Response' object has no attribute 'adjust_for_ambient_noise'
2026-08-15 22:28:45,082 - ⚠️ Ошибка: 'Response' object has no attribute 'adjust_for_ambient_noise'
2026-08-15 22:28:45,178 - ⚠️ Ошибка: 'Response' object has no attribute 'adjust_for_ambient_noise'
2026-08-15 22:28:45,273 - ⚠️ Ошибка: 'Response' object has no attribute 'adjust_for_ambient_noise'
2026-08-15 22:28:45,367 - ⚠️ Ошибка: 'Response' object has no attribute 'adjust_for_ambient_noise'
2026-08-15 22:28:45,463 - ⚠️ Ошибка: 'Response' object has no attribute 'adjust_for_ambient_noise'
2026-08-15 22:28:45,558 - ⚠️ Ошибка: 'Response' object has no attribute 'adjust_for_ambient_noise'
2026-08-15 22:28:45,658 - ⚠️ Ошибка: 'Response' object has no attribute 'adjust_for_ambient_noise'
2026-08-15 22:28:45,757 - ⚠️ Ошибка: 'Response' object has no attribute 'adjust_for_ambient_noise'
2026-08-15 22:28:45,855 - ⚠️ Ошибка: 'Response' object has no attribute 'adjust_for_ambient_noise'
2026-08-15 22:28:45,952 - ⚠️ Ошибка: 'Response' object has no attribute 'adjust_for_ambient_noise'
2026-08-15 22:28:46,049 - ⚠️ Ошибка: 'Response' object has no attribute 'adjust_for_ambient_noise'
2026-08-15 22:28:46,144 - ⚠️ Ошибка: 'Response' object has no attribute 'adjust_for_ambient_noise'
2026-08-15 22:28:46,251 - ⚠️ Ошибка: 'Response' object has no attribute 'adjust_for_ambient_noise'
2026-08-15 22:28:46,355 - ⚠️ Ошибка: 'Response' object has no attribute 'adjust_for_ambient_noise'
2026-08-15 22:28:46,448 - ⚠️ Ошибка: 'Response' object has no attribute 'adjust_for_ambient_noise'
2026-08-15 22:28:46,542 - ⚠️ Ошибка: 'Response' object has no attribute 'adjust_for_ambient_noise'
2026-08-15 22:28:46,669 - ⚠️ Ошибка: 'Response' object has no attribute 'adjust_for_ambient_noise'
2026-08-15 22:28:46,767 - ⚠️ Ошибка: 'Response' object has no attribute 'adjust_for_ambient_noise'
2026-08-15 22:28:46,872 - ⚠️ Ошибка: 'Response' object has no attribute 'adjust_for_ambient_noise'
2026-08-15 22:28:46,978 - ⚠️ Ошибка: 'Response' object has no attribute 'adjust_for_ambient_noise'
2026-08-15 22:28:47,071 - ⚠️ Ошибка: 'Response' object has no attribute 'adjust_for_ambient_noise'
2026-08-15 22:28:47,167 - ⚠️ Ошибка: 'Response' object has no attribute 'adjust_for_ambient_noise'
2026-08-15 22:28:47,270 - ⚠️ Ошибка: 'Response' object has no attribute 'adjust_for_ambient_noise'
2026-08-15 22:28:47,372 - ⚠️ Ошибка: 'Response' object has no attribute 'adjust_for_ambient_noise'
2026-08-15 22:28:47,467 - ⚠️ Ошибка: 'Response' object has no attribute 'adjust_for_ambient_noise'
2026-08-15 22:28:47,575 - ⚠️ Ошибка: 'Response' object has no attribute 'adjust_for_ambient_noise'
2026-08-15 22:28:47,693 - ⚠️ Ошибка: 'Response' object has no attribute 'adjust_for_ambient_noise'
2026-08-15 22:28:47,792 - ⚠️ Ошибка: 'Response' object has no attribute 'adjust_for_ambient_noise'
2026-08-15 22:28:47,895 - ⚠️ Ошибка: 'Response' object has no attribute 'adjust_for_ambient_noise'
2026-08-15 22:28:48,008 - ⚠️ Ошибка: 'Response' object has no attribute 'adjust_for_ambient_noise'
2026-08-15 22:28:48,103 - ⚠️ Ошибка: 'Response' object has no attribute 'adjust_for_ambient_noise'
2026-08-15 22:28:48,198 - ⚠️ Ошибка: 'Response' object has no attribute 'adjust_for_ambient_noise'
2026-08-15 22:28:48,292 - ⚠️ Ошибка: 'Response' object has no attribute 'adjust_for_ambient_noise'
2026-08-15 22:28:48,405 - ⚠️ Ошибка: 'Response' object has no attribute 'adjust_for_ambient_noise'
2026-08-15 22:28:48,516 - ⚠️ Ошибка: 'Response' object has no attribute 'adjust_for_ambient_noise'
2026-08-15 22:28:48,619 - ⚠️ Ошибка: 'Response' object has no attribute 'adjust_for_ambient_noise'
2026-08-15 22:28:48,737 - ⚠️ Ошибка: 'Response' object has no attribute 'adjust_for_ambient_noise'
2026-08-15 22:28:48,833 - ⚠️ Ошибка: 'Response' object has no attribute 'adjust_for_ambient_noise'
2026-08-15 22:28:48,951 - ⚠️ Ошибка: 'Response' object has no attribute 'adjust_for_ambient_noise'
2026-08-15 22:28:49,045 - ⚠️ Ошибка: 'Response' object has no attribute 'adjust_for_ambient_noise'
2026-08-15 22:28:49,175 - ⚠️ Ошибка: 'Response' object has no attribute 'adjust_for_ambient_noise'
2026-08-15 22:28:49,335 - ⚠️ Ошибка: 'Response' object has no attribute 'adjust_for_ambient_noise'
2026-08-15 22:28:49,461 - ⚠️ Ошибка: 'Response' object has no attribute 'adjust_for_ambient_noise'
2026-08-15 22:28:49,560 - ⚠️ Ошибка: 'Response' object has no attribute 'adjust_for_ambient_noise'
2026-08-15 22:28:49,669 - ⚠️ Ошибка: 'Response' object has no attribute 'adjust_for_ambient_noise'
2026-08-15 22:28:49,767 - ⚠️ Ошибка: 'Response' object has no attribute 'adjust_for_ambient_noise'
2026-08-15 22:28:49,865 - ⚠️ Ошибка: 'Response' object has no attribute 'adjust_for_ambient_noise'
2026-08-15 22:28:50,008 - ⚠️ Ошибка: 'Response' object has no attribute 'adjust_for_ambient_noise'
2026-08-15 22:28:50,133 - ⚠️ Ошибка: 'Response' object has no attribute 'adjust_for_ambient_noise'
2026-08-15 22:28:50,230 - ⚠️ Ошибка: 'Response' object has no attribute 'adjust_for_ambient_noise'
2026-08-15 22:28:50,325 - ⚠️ Ошибка: 'Response' object has no attribute 'adjust_for_ambient_noise'
2026-08-15 22:28:50,442 - ⚠️ Ошибка: 'Response' object has no attribute 'adjust_for_ambient_noise'
2026-08-15 22:28:50,537 - ⚠️ Ошибка: 'Response' object has no attribute 'adjust_for_ambient_noise'
2026-08-15 22:28:50,631 - ⚠️ Ошибка: 'Response' object has no attribute 'adjust_for_ambient_noise'
2026-08-15 22:28:50,730 - ⚠️ Ошибка: 'Response' object has no attribute 'adjust_for_ambient_noise'
2026-08-15 22:28:50,849 - ⚠️ Ошибка: 'Response' object has no attribute 'adjust_for_ambient_noise'
2026-08-15 22:28:50,969 - ⚠️ Ошибка: 'Response' object has no attribute 'adjust_for_ambient_noise'
2026-08-15 22:28:51,075 - ⚠️ Ошибка: 'Response' object has no attribute 'adjust_for_ambient_noise'
2026-08-15 22:28:51,182 - ⚠️ Ошибка: 'Response' object has no attribute 'adjust_for_ambient_noise'
2026-08-15 22:28:51,275 - ⚠️ Ошибка: 'Response' object has no attribute 'adjust_for_ambient_noise'
2026-08-15 22:28:51,368 - ⚠️ Ошибка: 'Response' object has no attribute 'adjust_for_ambient_noise'
2026-08-15 22:28:51,465 - ⚠️ Ошибка: 'Response' object has no attribute 'adjust_for_ambient_noise'
2026-08-15 22:28:51,574 - ⚠️ Ошибка: 'Response' object has no attribute 'adjust_for_ambient_noise'
2026-08-15 22:28:51,678 - ⚠️ Ошибка: 'Response' object has no attribute 'adjust_for_ambient_noise'
2026-08-15 22:28:51,784 - ⚠️ Ошибка: 'Response' object has no attribute 'adjust_for_ambient_noise'
2026-08-15 22:28:51,882 - ⚠️ Ошибка: 'Response' object has no attribute 'adjust_for_ambient_noise'
2026-08-15 22:28:51,976 - ⚠️ Ошибка: 'Response' object has no attribute 'adjust_for_ambient_noise'
2026-08-15 22:28:52,075 - ⚠️ Ошибка: 'Response' object has no attribute 'adjust_for_ambient_noise'
2026-08-15 22:28:52,173 - ⚠️ Ошибка: 'Response' object has no attribute 'adjust_for_ambient_noise'
2026-08-15 22:28:52,288 - ⚠️ Ошибка: 'Response' object has no attribute 'adjust_for_ambient_noise'
2026-08-15 22:28:52,395 - ⚠️ Ошибка: 'Response' object has no attribute 'adjust_for_ambient_noise'
2026-08-15 22:28:52,502 - ⚠️ Ошибка: 'Response' object has no attribute 'adjust_for_ambient_noise'
2026-08-15 22:28:52,596 - ⚠️ Ошибка: 'Response' object has no attribute 'adjust_for_ambient_noise'
2026-08-15 22:28:52,692 - ⚠️ Ошибка: 'Response' object has no attribute 'adjust_for_ambient_noise'
2026-08-15 22:28:52,823 - ⚠️ Ошибка: 'Response' object has no attribute 'adjust_for_ambient_noise'
2026-08-15 22:28:52,940 - ⚠️ Ошибка: 'Response' object has no attribute 'adjust_for_ambient_noise'
2026-08-15 22:28:53,039 - ⚠️ Ошибка: 'Response' object has no attribute 'adjust_for_ambient_noise'
2026-08-15 22:28:53,140 - ⚠️ Ошибка: 'Response' object has no attribute 'adjust_for_ambient_noise'
2026-08-15 22:28:53,242 - ⚠️ Ошибка: 'Response' object has no attribute 'adjust_for_ambient_noise'
2026-08-15 22:28:53,347 - ⚠️ Ошибка: 'Response' object has no attribute 'adjust_for_ambient_noise'
2026-08-15 22:28:53,454 - ⚠️ Ошибка: 'Response' object has no attribute 'adjust_for_ambient_noise'
2026-08-15 22:28:53,581 - ⚠️ Ошибка: 'Response' object has no attribute 'adjust_for_ambient_noise'
2026-08-15 22:28:53,703 - ⚠️ Ошибка: 'Response' object has no attribute 'adjust_for_ambient_noise'
2026-08-15 22:28:53,833 - ⚠️ Ошибка: 'Response' object has no attribute 'adjust_for_ambient_noise'
2026-08-15 22:28:53,936 - ⚠️ Ошибка: 'Response' object has no attribute 'adjust_for_ambient_noise'
2026-08-15 22:28:54,042 - ⚠️ Ошибка: 'Response' object has no attribute 'adjust_for_ambient_noise'
2026-08-15 22:28:54,145 - ⚠️ Ошибка: 'Response' object has no attribute 'adjust_for_ambient_noise'
2026-08-15 22:28:54,246 - ⚠️ Ошибка: 'Response' object has no attribute 'adjust_for_ambient_noise'
2026-08-15 22:28:54,345 - ⚠️ Ошибка: 'Response' object has no attribute 'adjust_for_ambient_noise'
2026-08-15 22:28:54,443 - ⚠️ Ошибка: 'Response' object has no attribute 'adjust_for_ambient_noise'
2026-08-15 22:28:54,549 - ⚠️ Ошибка: 'Response' object has no attribute 'adjust_for_ambient_noise'
2026-08-15 22:28:54,654 - ⚠️ Ошибка: 'Response' object has no attribute 'adjust_for_ambient_noise'
2026-08-15 22:28:54,767 - ⚠️ Ошибка: 'Response' object has no attribute 'adjust_for_ambient_noise'
2026-08-15 22:28:54,870 - ⚠️ Ошибка: 'Response' object has no attribute 'adjust_for_ambient_noise'
2026-08-15 22:28:54,986 - ⚠️ Ошибка: 'Response' object has no attribute 'adjust_for_ambient_noise'
2026-08-15 22:28:55,108 - ⚠️ Ошибка: 'Response' object has no attribute 'adjust_for_ambient_noise'
2026-08-15 22:28:55,210 - ⚠️ Ошибка: 'Response' object has no attribute 'adjust_for_ambient_noise'
2026-08-15 22:28:55,307 - ⚠️ Ошибка: 'Response' object has no attribute 'adjust_for_ambient_noise'
2026-08-15 22:28:55,404 - ⚠️ Ошибка: 'Response' object has no attribute 'adjust_for_ambient_noise'
2026-08-15 22:28:55,500 - ⚠️ Ошибка: 'Response' object has no attribute 'adjust_for_ambient_noise'
2026-08-15 22:28:55,606 - ⚠️ Ошибка: 'Response' object has no attribute 'adjust_for_ambient_noise'
2026-08-15 22:28:55,721 - ⚠️ Ошибка: 'Response' object has no attribute 'adjust_for_ambient_noise'
2026-08-15 22:28:55,860 - ⚠️ Ошибка: 'Response' object has no attribute 'adjust_for_ambient_noise'
2026-08-15 22:28:55,958 - ⚠️ Ошибка: 'Response' object has no attribute 'adjust_for_ambient_noise'
2026-08-15 22:28:56,059 - ⚠️ Ошибка: 'Response' object has no attribute 'adjust_for_ambient_noise'
2026-08-15 22:28:56,152 - ⚠️ Ошибка: 'Response' object has no attribute 'adjust_for_ambient_noise'
2026-08-15 22:28:56,251 - ⚠️ Ошибка: 'Response' object has no attribute 'adjust_for_ambient_noise'
2026-08-15 22:28:56,375 - ⚠️ Ошибка: 'Response' object has no attribute 'adjust_for_ambient_noise'
2026-08-15 22:28:56,479 - ⚠️ Ошибка: 'Response' object has no attribute 'adjust_for_ambient_noise'
2026-08-15 22:28:56,587 - ⚠️ Ошибка: 'Response' object has no attribute 'adjust_for_ambient_noise'
2026-08-15 22:28:56,714 - ⚠️ Ошибка: 'Response' object has no attribute 'adjust_for_ambient_noise'
2026-08-15 22:28:56,836 - ⚠️ Ошибка: 'Response' object has no attribute 'adjust_for_ambient_noise'
2026-08-15 22:28:56,933 - ⚠️ Ошибка: 'Response' object has no attribute 'adjust_for_ambient_noise'
2026-08-15 22:28:57,029 - ⚠️ Ошибка: 'Response' object has no attribute 'adjust_for_ambient_noise'
2026-08-15 22:28:57,126 - ⚠️ Ошибка: 'Response' object has no attribute 'adjust_for_ambient_noise'
2026-08-15 22:28:57,225 - ⚠️ Ошибка: 'Response' object has no attribute 'adjust_for_ambient_noise'
2026-08-15 22:28:57,327 - ⚠️ Ошибка: 'Response' object has no attribute 'adjust_for_ambient_noise'
2026-08-15 22:28:57,428 - ⚠️ Ошибка: 'Response' object has no attribute 'adjust_for_ambient_noise'
2026-08-15 22:28:57,544 - ⚠️ Ошибка: 'Response' object has no attribute 'adjust_for_ambient_noise'
2026-08-15 22:28:57,659 - ⚠️ Ошибка: 'Response' object has no attribute 'adjust_for_ambient_noise'
2026-08-15 22:28:57,763 - ⚠️ Ошибка: 'Response' object has no attribute 'adjust_for_ambient_noise'
2026-08-15 22:28:57,863 - ⚠️ Ошибка: 'Response' object has no attribute 'adjust_for_ambient_noise'
2026-08-15 22:28:57,977 - ⚠️ Ошибка: 'Response' object has no attribute 'adjust_for_ambient_noise'
2026-08-15 22:28:58,094 - ⚠️ Ошибка: 'Response' object has no attribute 'adjust_for_ambient_noise'
2026-08-15 22:28:58,198 - ⚠️ Ошибка: 'Response' object has no attribute 'adjust_for_ambient_noise'
2026-08-15 22:28:58,299 - ⚠️ Ошибка: 'Response' object has no attribute 'adjust_for_ambient_noise'
2026-08-15 22:28:58,407 - ⚠️ Ошибка: 'Response' object has no attribute 'adjust_for_ambient_noise'
2026-08-15 22:28:58,504 - ⚠️ Ошибка: 'Response' object has no attribute 'adjust_for_ambient_noise'
2026-08-15 22:28:58,614 - ⚠️ Ошибка: 'Response' object has no attribute 'adjust_for_ambient_noise'
2026-08-15 22:28:58,714 - ⚠️ Ошибка: 'Response' object has no attribute 'adjust_for_ambient_noise'
2026-08-15 22:28:58,813 - ⚠️ Ошибка: 'Response' object has no attribute 'adjust_for_ambient_noise'
2026-08-15 22:28:58,957 - ⚠️ Ошибка: 'Response' object has no attribute 'adjust_for_ambient_noise'
2026-08-15 22:28:59,055 - ⚠️ Ошибка: 'Response' object has no attribute 'adjust_for_ambient_noise'
2026-08-15 22:28:59,160 - ⚠️ Ошибка: 'Response' object has no attribute 'adjust_for_ambient_noise'
2026-08-15 22:28:59,256 - ⚠️ Ошибка: 'Response' object has no attribute 'adjust_for_ambient_noise'
2026-08-15 22:28:59,353 - ⚠️ Ошибка: 'Response' object has no attribute 'adjust_for_ambient_noise'
2026-08-15 22:28:59,457 - ⚠️ Ошибка: 'Response' object has no attribute 'adjust_for_ambient_noise'
2026-08-15 22:28:59,564 - ⚠️ Ошибка: 'Response' object has no attribute 'adjust_for_ambient_noise'
2026-08-15 22:28:59,668 - ⚠️ Ошибка: 'Response' object has no attribute 'adjust_for_ambient_noise'
2026-08-15 22:28:59,774 - ⚠️ Ошибка: 'Response' object has no attribute 'adjust_for_ambient_noise'
2026-08-15 22:28:59,888 - ⚠️ Ошибка: 'Response' object has no attribute 'adjust_for_ambient_noise'
2026-08-15 22:28:59,984 - ⚠️ Ошибка: 'Response' object has no attribute 'adjust_for_ambient_noise'
2026-08-15 22:29:00,078 - ⚠️ Ошибка: 'Response' object has no attribute 'adjust_for_ambient_noise'
2026-08-15 22:29:00,177 - ⚠️ Ошибка: 'Response' object has no attribute 'adjust_for_ambient_noise'
2026-08-15 22:29:00,279 - ⚠️ Ошибка: 'Response' object has no attribute 'adjust_for_ambient_noise'
2026-08-15 22:29:00,376 - ⚠️ Ошибка: 'Response' object has no attribute 'adjust_for_ambient_noise'
2026-08-15 22:29:00,470 - ⚠️ Ошибка: 'Response' object has no attribute 'adjust_for_ambient_noise'
2026-08-15 22:29:00,599 - ⚠️ Ошибка: 'Response' object has no attribute 'adjust_for_ambient_noise'
2026-08-15 22:29:00,725 - ⚠️ Ошибка: 'Response' object has no attribute 'adjust_for_ambient_noise'
2026-08-15 22:29:00,827 - ⚠️ Ошибка: 'Response' object has no attribute 'adjust_for_ambient_noise'
2026-08-15 22:29:00,931 - ⚠️ Ошибка: 'Response' object has no attribute 'adjust_for_ambient_noise'
2026-08-15 22:29:01,034 - ⚠️ Ошибка: 'Response' object has no attribute 'adjust_for_ambient_noise'
2026-08-15 22:29:01,147 - ⚠️ Ошибка: 'Response' object has no attribute 'adjust_for_ambient_noise'
2026-08-15 22:29:01,258 - ⚠️ Ошибка: 'Response' object has no attribute 'adjust_for_ambient_noise'
2026-08-15 22:29:01,380 - ⚠️ Ошибка: 'Response' object has no attribute 'adjust_for_ambient_noise'
2026-08-15 22:29:01,478 - ⚠️ Ошибка: 'Response' object has no attribute 'adjust_for_ambient_noise'
2026-08-15 22:29:01,592 - ⚠️ Ошибка: 'Response' object has no attribute 'adjust_for_ambient_noise'
2026-08-15 22:29:01,689 - ⚠️ Ошибка: 'Response' object has no attribute 'adjust_for_ambient_noise'
2026-08-15 22:29:01,815 - ⚠️ Ошибка: 'Response' object has no attribute 'adjust_for_ambient_noise'
2026-08-15 22:29:01,913 - ⚠️ Ошибка: 'Response' object has no attribute 'adjust_for_ambient_noise'
2026-08-15 22:29:02,010 - ⚠️ Ошибка: 'Response' object has no attribute 'adjust_for_ambient_noise'
2026-08-15 22:29:02,112 - ⚠️ Ошибка: 'Response' object has no attribute 'adjust_for_ambient_noise'
2026-08-15 22:29:02,216 - ⚠️ Ошибка: 'Response' object has no attribute 'adjust_for_ambient_noise'
2026-08-15 22:29:02,314 - ⚠️ Ошибка: 'Response' object has no attribute 'adjust_for_ambient_noise'
2026-08-15 22:29:02,415 - ⚠️ Ошибка: 'Response' object has no attribute 'adjust_for_ambient_noise'
2026-08-15 22:29:02,514 - ⚠️ Ошибка: 'Response' object has no attribute 'adjust_for_ambient_noise'
2026-08-15 22:29:02,610 - ⚠️ Ошибка: 'Response' object has no attribute 'adjust_for_ambient_noise'
2026-08-15 22:29:02,714 - ⚠️ Ошибка: 'Response' object has no attribute 'adjust_for_ambient_noise'
2026-08-15 22:29:02,812 - ⚠️ Ошибка: 'Response' object has no attribute 'adjust_for_ambient_noise'
2026-08-15 22:29:02,926 - ⚠️ Ошибка: 'Response' object has no attribute 'adjust_for_ambient_noise'
2026-08-15 22:29:03,021 - ⚠️ Ошибка: 'Response' object has no attribute 'adjust_for_ambient_noise'
2026-08-15 22:29:03,132 - ⚠️ Ошибка: 'Response' object has no attribute 'adjust_for_ambient_noise'
2026-08-15 22:29:03,231 - ⚠️ Ошибка: 'Response' object has no attribute 'adjust_for_ambient_noise'
2026-08-15 22:29:03,328 - ⚠️ Ошибка: 'Response' object has no attribute 'adjust_for_ambient_noise'
2026-08-15 22:29:03,425 - ⚠️ Ошибка: 'Response' object has no attribute 'adjust_for_ambient_noise'
2026-08-15 22:29:03,521 - ⚠️ Ошибка: 'Response' object has no attribute 'adjust_for_ambient_noise'
2026-08-15 22:29:03,616 - ⚠️ Ошибка: 'Response' object has no attribute 'adjust_for_ambient_noise'
2026-08-15 22:29:03,718 - ⚠️ Ошибка: 'Response' object has no attribute 'adjust_for_ambient_noise'
2026-08-15 22:29:03,818 - ⚠️ Ошибка: 'Response' object has no attribute 'adjust_for_ambient_noise'
2026-08-15 22:29:03,914 - ⚠️ Ошибка: 'Response' object has no attribute 'adjust_for_ambient_noise'
2026-08-15 22:29:04,015 - ⚠️ Ошибка: 'Response' object has no attribute 'adjust_for_ambient_noise'
2026-08-15 22:29:04,114 - ⚠️ Ошибка: 'Response' object has no attribute 'adjust_for_ambient_noise'
2026-08-15 22:29:04,220 - ⚠️ Ошибка: 'Response' object has no attribute 'adjust_for_ambient_noise'
2026-08-15 22:29:04,324 - ⚠️ Ошибка: 'Response' object has no attribute 'adjust_for_ambient_noise'
2026-08-15 22:29:04,431 - ⚠️ Ошибка: 'Response' object has no attribute 'adjust_for_ambient_noise'
2026-08-15 22:29:04,530 - ⚠️ Ошибка: 'Response' object has no attribute 'adjust_for_ambient_noise'
2026-08-15 22:29:04,629 - ⚠️ Ошибка: 'Response' object has no attribute 'adjust_for_ambient_noise'
2026-08-15 22:29:04,734 - ⚠️ Ошибка: 'Response' object has no attribute 'adjust_for_ambient_noise'
2026-08-15 22:29:04,831 - ⚠️ Ошибка: 'Response' object has no attribute 'adjust_for_ambient_noise'
2026-08-15 22:29:04,926 - ⚠️ Ошибка: 'Response' object has no attribute 'adjust_for_ambient_noise'
2026-08-15 22:29:05,024 - ⚠️ Ошибка: 'Response' object has no attribute 'adjust_for_ambient_noise'
2026-08-15 22:29:05,121 - ⚠️ Ошибка: 'Response' object has no attribute 'adjust_for_ambient_noise'
2026-08-15 22:29:05,247 - ⚠️ Ошибка: 'Response' object has no attribute 'adjust_for_ambient_noise'
2026-08-15 22:29:05,344 - ⚠️ Ошибка: 'Response' object has no attribute 'adjust_for_ambient_noise'
2026-08-15 22:29:05,440 - ⚠️ Ошибка: 'Response' object has no attribute 'adjust_for_ambient_noise'
2026-08-15 22:29:05,569 - ⚠️ Ошибка: 'Response' object has no attribute 'adjust_for_ambient_noise'
2026-08-15 22:29:05,687 - ⚠️ Ошибка: 'Response' object has no attribute 'adjust_for_ambient_noise'
2026-08-15 22:29:05,787 - ⚠️ Ошибка: 'Response' object has no attribute 'adjust_for_ambient_noise'
2026-08-15 22:29:05,886 - ⚠️ Ошибка: 'Response' object has no attribute 'adjust_for_ambient_noise'
2026-08-15 22:29:05,987 - ⚠️ Ошибка: 'Response' object has no attribute 'adjust_for_ambient_noise'
2026-08-15 22:29:06,086 - ⚠️ Ошибка: 'Response' object has no attribute 'adjust_for_ambient_noise'
2026-08-15 22:29:06,184 - ⚠️ Ошибка: 'Response' object has no attribute 'adjust_for_ambient_noise'
2026-08-15 22:29:06,282 - ⚠️ Ошибка: 'Response' object has no attribute 'adjust_for_ambient_noise'
2026-08-15 22:29:06,376 - ⚠️ Ошибка: 'Response' object has no attribute 'adjust_for_ambient_noise'
2026-08-15 22:29:06,470 - ⚠️ Ошибка: 'Response' object has no attribute 'adjust_for_ambient_noise'
2026-08-15 22:29:06,598 - ⚠️ Ошибка: 'Response' object has no attribute 'adjust_for_ambient_noise'
2026-08-15 22:29:06,698 - ⚠️ Ошибка: 'Response' object has no attribute 'adjust_for_ambient_noise'
2026-08-15 22:29:06,806 - ⚠️ Ошибка: 'Response' object has no attribute 'adjust_for_ambient_noise'
2026-08-15 22:29:06,917 - ⚠️ Ошибка: 'Response' object has no attribute 'adjust_for_ambient_noise'
2026-08-15 22:29:07,017 - ⚠️ Ошибка: 'Response' object has no attribute 'adjust_for_ambient_noise'
2026-08-15 22:29:07,162 - ⚠️ Ошибка: 'Response' object has no attribute 'adjust_for_ambient_noise'
2026-08-15 22:29:07,260 - ⚠️ Ошибка: 'Response' object has no attribute 'adjust_for_ambient_noise'
2026-08-15 22:29:07,387 - ⚠️ Ошибка: 'Response' object has no attribute 'adjust_for_ambient_noise'
2026-08-15 22:29:07,486 - ⚠️ Ошибка: 'Response' object has no attribute 'adjust_for_ambient_noise'
2026-08-15 22:29:07,607 - ⚠️ Ошибка: 'Response' object has no attribute 'adjust_for_ambient_noise'
2026-08-15 22:29:07,709 - ⚠️ Ошибка: 'Response' object has no attribute 'adjust_for_ambient_noise'
2026-08-15 22:29:07,831 - ⚠️ Ошибка: 'Response' object has no attribute 'adjust_for_ambient_noise'
2026-08-15 22:29:07,931 - ⚠️ Ошибка: 'Response' object has no attribute 'adjust_for_ambient_noise'
2026-08-15 22:29:08,065 - ⚠️ Ошибка: 'Response' object has no attribute 'adjust_for_ambient_noise'
2026-08-15 22:29:08,159 - ⚠️ Ошибка: 'Response' object has no attribute 'adjust_for_ambient_noise'
2026-08-15 22:29:08,256 - ⚠️ Ошибка: 'Response' object has no attribute 'adjust_for_ambient_noise'
2026-08-15 22:29:08,362 - ⚠️ Ошибка: 'Response' object has no attribute 'adjust_for_ambient_noise'
2026-08-15 22:29:08,479 - ⚠️ Ошибка: 'Response' object has no attribute 'adjust_for_ambient_noise'
2026-08-15 22:29:08,575 - ⚠️ Ошибка: 'Response' object has no attribute 'adjust_for_ambient_noise'
2026-08-15 22:29:08,706 - ⚠️ Ошибка: 'Response' object has no attribute 'adjust_for_ambient_noise'
2026-08-15 22:29:08,806 - ⚠️ Ошибка: 'Response' object has no attribute 'adjust_for_ambient_noise'
2026-08-15 22:29:08,912 - ⚠️ Ошибка: 'Response' object has no attribute 'adjust_for_ambient_noise'
2026-08-15 22:29:09,011 - ⚠️ Ошибка: 'Response' object has no attribute 'adjust_for_ambient_noise'
2026-08-15 22:29:09,110 - ⚠️ Ошибка: 'Response' object has no attribute 'adjust_for_ambient_noise'
2026-08-15 22:29:09,236 - ⚠️ Ошибка: 'Response' object has no attribute 'adjust_for_ambient_noise'
2026-08-15 22:29:09,332 - ⚠️ Ошибка: 'Response' object has no attribute 'adjust_for_ambient_noise'
2026-08-15 22:29:09,427 - ⚠️ Ошибка: 'Response' object has no attribute 'adjust_for_ambient_noise'
2026-08-15 22:29:09,521 - ⚠️ Ошибка: 'Response' object has no attribute 'adjust_for_ambient_noise'
2026-08-15 22:29:09,627 - ⚠️ Ошибка: 'Response' object has no attribute 'adjust_for_ambient_noise'
2026-08-15 22:29:09,747 - ⚠️ Ошибка: 'Response' object has no attribute 'adjust_for_ambient_noise'
2026-08-15 22:29:09,850 - ⚠️ Ошибка: 'Response' object has no attribute 'adjust_for_ambient_noise'
2026-08-15 22:29:09,945 - ⚠️ Ошибка: 'Response' object has no attribute 'adjust_for_ambient_noise'
2026-08-15 22:29:10,039 - ⚠️ Ошибка: 'Response' object has no attribute 'adjust_for_ambient_noise'
2026-08-15 22:29:10,162 - ⚠️ Ошибка: 'Response' object has no attribute 'adjust_for_ambient_noise'
2026-08-15 22:29:10,257 - ⚠️ Ошибка: 'Response' object has no attribute 'adjust_for_ambient_noise'
2026-08-15 22:29:10,350 - ⚠️ Ошибка: 'Response' object has no attribute 'adjust_for_ambient_noise'
2026-08-15 22:29:10,447 - ⚠️ Ошибка: 'Response' object has no attribute 'adjust_for_ambient_noise'
2026-08-15 22:29:10,546 - ⚠️ Ошибка: 'Response' object has no attribute 'adjust_for_ambient_noise'
2026-08-15 22:29:10,640 - ⚠️ Ошибка: 'Response' object has no attribute 'adjust_for_ambient_noise'
2026-08-15 22:29:10,746 - ⚠️ Ошибка: 'Response' object has no attribute 'adjust_for_ambient_noise'
2026-08-15 22:29:10,842 - ⚠️ Ошибка: 'Response' object has no attribute 'adjust_for_ambient_noise'
2026-08-15 22:29:10,949 - ⚠️ Ошибка: 'Response' object has no attribute 'adjust_for_ambient_noise'
2026-08-15 22:29:11,044 - ⚠️ Ошибка: 'Response' object has no attribute 'adjust_for_ambient_noise'
2026-08-15 22:29:11,140 - ⚠️ Ошибка: 'Response' object has no attribute 'adjust_for_ambient_noise'
2026-08-15 22:29:11,235 - ⚠️ Ошибка: 'Response' object has no attribute 'adjust_for_ambient_noise'
2026-08-15 22:29:11,332 - ⚠️ Ошибка: 'Response' object has no attribute 'adjust_for_ambient_noise'
2026-08-15 22:29:11,459 - ⚠️ Ошибка: 'Response' object has no attribute 'adjust_for_ambient_noise'
2026-08-15 22:29:11,554 - ⚠️ Ошибка: 'Response' object has no attribute 'adjust_for_ambient_noise'
2026-08-15 22:29:11,661 - ⚠️ Ошибка: 'Response' object has no attribute 'adjust_for_ambient_noise'
2026-08-15 22:29:11,762 - ⚠️ Ошибка: 'Response' object has no attribute 'adjust_for_ambient_noise'
2026-08-15 22:29:11,858 - ⚠️ Ошибка: 'Response' object has no attribute 'adjust_for_ambient_noise'
2026-08-15 22:29:11,952 - ⚠️ Ошибка: 'Response' object has no attribute 'adjust_for_ambient_noise'
2026-08-15 22:29:12,082 - ⚠️ Ошибка: 'Response' object has no attribute 'adjust_for_ambient_noise'
2026-08-15 22:29:12,202 - ⚠️ Ошибка: 'Response' object has no attribute 'adjust_for_ambient_noise'
2026-08-15 22:29:12,333 - ⚠️ Ошибка: 'Response' object has no attribute 'adjust_for_ambient_noise'
2026-08-15 22:29:12,443 - ⚠️ Ошибка: 'Response' object has no attribute 'adjust_for_ambient_noise'
2026-08-15 22:29:12,553 - ⚠️ Ошибка: 'Response' object has no attribute 'adjust_for_ambient_noise'
2026-08-15 22:29:12,650 - ⚠️ Ошибка: 'Response' object has no attribute 'adjust_for_ambient_noise'
2026-08-15 22:29:12,749 - ⚠️ Ошибка: 'Response' object has no attribute 'adjust_for_ambient_noise'
2026-08-15 22:29:12,845 - ⚠️ Ошибка: 'Response' object has no attribute 'adjust_for_ambient_noise'
2026-08-15 22:29:12,942 - ⚠️ Ошибка: 'Response' object has no attribute 'adjust_for_ambient_noise'
2026-08-15 22:29:13,039 - ⚠️ Ошибка: 'Response' object has no attribute 'adjust_for_ambient_noise'
2026-08-15 22:29:13,136 - ⚠️ Ошибка: 'Response' object has no attribute 'adjust_for_ambient_noise'
2026-08-15 22:29:13,234 - ⚠️ Ошибка: 'Response' object has no attribute 'adjust_for_ambient_noise'
2026-08-15 22:29:13,333 - ⚠️ Ошибка: 'Response' object has no attribute 'adjust_for_ambient_noise'
2026-08-15 22:29:13,435 - ⚠️ Ошибка: 'Response' object has no attribute 'adjust_for_ambient_noise'
2026-08-15 22:29:13,533 - ⚠️ Ошибка: 'Response' object has no attribute 'adjust_for_ambient_noise'
2026-08-15 22:29:13,638 - ⚠️ Ошибка: 'Response' object has no attribute 'adjust_for_ambient_noise'
2026-08-15 22:29:13,739 - ⚠️ Ошибка: 'Response' object has no attribute 'adjust_for_ambient_noise'
2026-08-15 22:29:13,843 - ⚠️ Ошибка: 'Response' object has no attribute 'adjust_for_ambient_noise'
2026-08-15 22:29:13,947 - ⚠️ Ошибка: 'Response' object has no attribute 'adjust_for_ambient_noise'
2026-08-15 22:29:14,078 - ⚠️ Ошибка: 'Response' object has no attribute 'adjust_for_ambient_noise'
2026-08-15 22:29:14,204 - ⚠️ Ошибка: 'Response' object has no attribute 'adjust_for_ambient_noise'
2026-08-15 22:29:14,299 - ⚠️ Ошибка: 'Response' object has no attribute 'adjust_for_ambient_noise'
2026-08-15 22:29:14,395 - ⚠️ Ошибка: 'Response' object has no attribute 'adjust_for_ambient_noise'
2026-08-15 22:29:14,492 - ⚠️ Ошибка: 'Response' object has no attribute 'adjust_for_ambient_noise'
2026-08-15 22:29:14,592 - ⚠️ Ошибка: 'Response' object has no attribute 'adjust_for_ambient_noise'
2026-08-15 22:29:14,719 - ⚠️ Ошибка: 'Response' object has no attribute 'adjust_for_ambient_noise'
2026-08-15 22:29:14,822 - ⚠️ Ошибка: 'Response' object has no attribute 'adjust_for_ambient_noise'
2026-08-15 22:29:14,917 - ⚠️ Ошибка: 'Response' object has no attribute 'adjust_for_ambient_noise'
2026-08-15 22:29:15,051 - ⚠️ Ошибка: 'Response' object has no attribute 'adjust_for_ambient_noise'
2026-08-15 22:29:15,148 - ⚠️ Ошибка: 'Response' object has no attribute 'adjust_for_ambient_noise'
2026-08-15 22:29:15,243 - ⚠️ Ошибка: 'Response' object has no attribute 'adjust_for_ambient_noise'
2026-08-15 22:29:15,342 - ⚠️ Ошибка: 'Response' object has no attribute 'adjust_for_ambient_noise'
2026-08-15 22:29:15,442 - ⚠️ Ошибка: 'Response' object has no attribute 'adjust_for_ambient_noise'
2026-08-15 22:29:15,540 - ⚠️ Ошибка: 'Response' object has no attribute 'adjust_for_ambient_noise'
2026-08-15 22:29:15,639 - ⚠️ Ошибка: 'Response' object has no attribute 'adjust_for_ambient_noise'
2026-08-15 22:29:15,743 - ⚠️ Ошибка: 'Response' object has no attribute 'adjust_for_ambient_noise'
2026-08-15 22:29:15,842 - ⚠️ Ошибка: 'Response' object has no attribute 'adjust_for_ambient_noise'
2026-08-15 22:29:15,945 - ⚠️ Ошибка: 'Response' object has no attribute 'adjust_for_ambient_noise'
2026-08-15 22:29:16,043 - ⚠️ Ошибка: 'Response' object has no attribute 'adjust_for_ambient_noise'
2026-08-15 22:29:16,142 - ⚠️ Ошибка: 'Response' object has no attribute 'adjust_for_ambient_noise'
2026-08-15 22:29:16,270 - ⚠️ Ошибка: 'Response' object has no attribute 'adjust_for_ambient_noise'
2026-08-15 22:29:16,371 - ⚠️ Ошибка: 'Response' object has no attribute 'adjust_for_ambient_noise'
2026-08-15 22:29:16,470 - ⚠️ Ошибка: 'Response' object has no attribute 'adjust_for_ambient_noise'
2026-08-15 22:29:16,579 - ⚠️ Ошибка: 'Response' object has no attribute 'adjust_for_ambient_noise'
2026-08-15 22:29:16,686 - ⚠️ Ошибка: 'Response' object has no attribute 'adjust_for_ambient_noise'
2026-08-15 22:29:16,783 - ⚠️ Ошибка: 'Response' object has no attribute 'adjust_for_ambient_noise'
2026-08-15 22:29:16,878 - ⚠️ Ошибка: 'Response' object has no attribute 'adjust_for_ambient_noise'
2026-08-15 22:29:16,974 - ⚠️ Ошибка: 'Response' object has no attribute 'adjust_for_ambient_noise'
2026-08-15 22:29:17,096 - ⚠️ Ошибка: 'Response' object has no attribute 'adjust_for_ambient_noise'
2026-08-15 22:29:17,201 - ⚠️ Ошибка: 'Response' object has no attribute 'adjust_for_ambient_noise'
2026-08-15 22:29:17,298 - ⚠️ Ошибка: 'Response' object has no attribute 'adjust_for_ambient_noise'
2026-08-15 22:29:17,403 - ⚠️ Ошибка: 'Response' object has no attribute 'adjust_for_ambient_noise'
2026-08-15 22:29:17,521 - ⚠️ Ошибка: 'Response' object has no attribute 'adjust_for_ambient_noise'
2026-08-15 22:29:17,623 - ⚠️ Ошибка: 'Response' object has no attribute 'adjust_for_ambient_noise'
2026-08-15 22:29:17,729 - ⚠️ Ошибка: 'Response' object has no attribute 'adjust_for_ambient_noise'
2026-08-15 22:29:17,830 - ⚠️ Ошибка: 'Response' object has no attribute 'adjust_for_ambient_noise'
2026-08-15 22:29:17,931 - ⚠️ Ошибка: 'Response' object has no attribute 'adjust_for_ambient_noise'
2026-08-15 22:29:18,034 - ⚠️ Ошибка: 'Response' object has no attribute 'adjust_for_ambient_noise'
2026-08-15 22:29:18,148 - ⚠️ Ошибка: 'Response' object has no attribute 'adjust_for_ambient_noise'
2026-08-15 22:29:18,253 - ⚠️ Ошибка: 'Response' object has no attribute 'adjust_for_ambient_noise'
2026-08-15 22:29:18,354 - ⚠️ Ошибка: 'Response' object has no attribute 'adjust_for_ambient_noise'
2026-08-15 22:29:18,454 - ⚠️ Ошибка: 'Response' object has no attribute 'adjust_for_ambient_noise'
2026-08-15 22:29:18,552 - ⚠️ Ошибка: 'Response' object has no attribute 'adjust_for_ambient_noise'
2026-08-15 22:29:18,664 - ⚠️ Ошибка: 'Response' object has no attribute 'adjust_for_ambient_noise'
2026-08-15 22:29:18,764 - ⚠️ Ошибка: 'Response' object has no attribute 'adjust_for_ambient_noise'
2026-08-15 22:29:18,866 - ⚠️ Ошибка: 'Response' object has no attribute 'adjust_for_ambient_noise'
2026-08-15 22:29:18,965 - ⚠️ Ошибка: 'Response' object has no attribute 'adjust_for_ambient_noise'
2026-08-15 22:29:19,083 - ⚠️ Ошибка: 'Response' object has no attribute 'adjust_for_ambient_noise'
2026-08-15 22:29:19,178 - ⚠️ Ошибка: 'Response' object has no attribute 'adjust_for_ambient_noise'
2026-08-15 22:29:19,299 - ⚠️ Ошибка: 'Response' object has no attribute 'adjust_for_ambient_noise'
2026-08-15 22:29:19,403 - ⚠️ Ошибка: 'Response' object has no attribute 'adjust_for_ambient_noise'
2026-08-15 22:29:19,510 - ⚠️ Ошибка: 'Response' object has no attribute 'adjust_for_ambient_noise'
2026-08-15 22:29:19,620 - ⚠️ Ошибка: 'Response' object has no attribute 'adjust_for_ambient_noise'
2026-08-15 22:29:19,743 - ⚠️ Ошибка: 'Response' object has no attribute 'adjust_for_ambient_noise'
2026-08-15 22:29:19,841 - ⚠️ Ошибка: 'Response' object has no attribute 'adjust_for_ambient_noise'
2026-08-15 22:29:19,940 - ⚠️ Ошибка: 'Response' object has no attribute 'adjust_for_ambient_noise'
2026-08-15 22:29:20,048 - ⚠️ Ошибка: 'Response' object has no attribute 'adjust_for_ambient_noise'
2026-08-15 22:29:20,169 - ⚠️ Ошибка: 'Response' object has no attribute 'adjust_for_ambient_noise'
2026-08-15 22:29:20,269 - ⚠️ Ошибка: 'Response' object has no attribute 'adjust_for_ambient_noise'
2026-08-15 22:29:20,366 - ⚠️ Ошибка: 'Response' object has no attribute 'adjust_for_ambient_noise'
2026-08-15 22:29:20,461 - ⚠️ Ошибка: 'Response' object has no attribute 'adjust_for_ambient_noise'
2026-08-15 22:29:20,575 - ⚠️ Ошибка: 'Response' object has no attribute 'adjust_for_ambient_noise'
2026-08-15 22:29:20,684 - ⚠️ Ошибка: 'Response' object has no attribute 'adjust_for_ambient_noise'
2026-08-15 22:29:20,778 - ⚠️ Ошибка: 'Response' object has no attribute 'adjust_for_ambient_noise'
2026-08-15 22:29:20,875 - ⚠️ Ошибка: 'Response' object has no attribute 'adjust_for_ambient_noise'
2026-08-15 22:29:20,970 - ⚠️ Ошибка: 'Response' object has no attribute 'adjust_for_ambient_noise'
2026-08-15 22:29:21,063 - ⚠️ Ошибка: 'Response' object has no attribute 'adjust_for_ambient_noise'
2026-08-15 22:29:21,164 - ⚠️ Ошибка: 'Response' object has no attribute 'adjust_for_ambient_noise'
2026-08-15 22:29:21,265 - ⚠️ Ошибка: 'Response' object has no attribute 'adjust_for_ambient_noise'
2026-08-15 22:29:21,371 - ⚠️ Ошибка: 'Response' object has no attribute 'adjust_for_ambient_noise'
2026-08-15 22:29:21,466 - ⚠️ Ошибка: 'Response' object has no attribute 'adjust_for_ambient_noise'
2026-08-15 22:29:21,565 - ⚠️ Ошибка: 'Response' object has no attribute 'adjust_for_ambient_noise'
2026-08-15 22:29:21,677 - ⚠️ Ошибка: 'Response' object has no attribute 'adjust_for_ambient_noise'
2026-08-15 22:29:21,807 - ⚠️ Ошибка: 'Response' object has no attribute 'adjust_for_ambient_noise'
2026-08-15 22:29:21,918 - ⚠️ Ошибка: 'Response' object has no attribute 'adjust_for_ambient_noise'
2026-08-15 22:29:22,018 - ⚠️ Ошибка: 'Response' object has no attribute 'adjust_for_ambient_noise'
2026-08-15 22:29:22,111 - ⚠️ Ошибка: 'Response' object has no attribute 'adjust_for_ambient_noise'
2026-08-15 22:29:22,207 - ⚠️ Ошибка: 'Response' object has no attribute 'adjust_for_ambient_noise'
2026-08-15 22:29:22,305 - ⚠️ Ошибка: 'Response' object has no attribute 'adjust_for_ambient_noise'
2026-08-15 22:29:22,403 - ⚠️ Ошибка: 'Response' object has no attribute 'adjust_for_ambient_noise'
2026-08-15 22:29:22,517 - ⚠️ Ошибка: 'Response' object has no attribute 'adjust_for_ambient_noise'
2026-08-15 22:29:22,619 - ⚠️ Ошибка: 'Response' object has no attribute 'adjust_for_ambient_noise'
2026-08-15 22:29:22,727 - ⚠️ Ошибка: 'Response' object has no attribute 'adjust_for_ambient_noise'
2026-08-15 22:29:22,824 - ⚠️ Ошибка: 'Response' object has no attribute 'adjust_for_ambient_noise'
2026-08-15 22:29:22,922 - ⚠️ Ошибка: 'Response' object has no attribute 'adjust_for_ambient_noise'
2026-08-15 22:29:23,019 - ⚠️ Ошибка: 'Response' object has no attribute 'adjust_for_ambient_noise'
2026-08-15 22:29:23,116 - ⚠️ Ошибка: 'Response' object has no attribute 'adjust_for_ambient_noise'
2026-08-15 22:29:23,211 - ⚠️ Ошибка: 'Response' object has no attribute 'adjust_for_ambient_noise'
2026-08-15 22:29:23,307 - ⚠️ Ошибка: 'Response' object has no attribute 'adjust_for_ambient_noise'
2026-08-15 22:29:23,407 - ⚠️ Ошибка: 'Response' object has no attribute 'adjust_for_ambient_noise'
2026-08-15 22:29:23,507 - ⚠️ Ошибка: 'Response' object has no attribute 'adjust_for_ambient_noise'
2026-08-15 22:29:23,604 - ⚠️ Ошибка: 'Response' object has no attribute 'adjust_for_ambient_noise'
2026-08-15 22:29:23,707 - ⚠️ Ошибка: 'Response' object has no attribute 'adjust_for_ambient_noise'
2026-08-15 22:29:23,802 - ⚠️ Ошибка: 'Response' object has no attribute 'adjust_for_ambient_noise'
2026-08-15 22:29:23,897 - ⚠️ Ошибка: 'Response' object has no attribute 'adjust_for_ambient_noise'
2026-08-15 22:29:23,992 - ⚠️ Ошибка: 'Response' object has no attribute 'adjust_for_ambient_noise'
2026-08-15 22:29:24,086 - ⚠️ Ошибка: 'Response' object has no attribute 'adjust_for_ambient_noise'
2026-08-15 22:29:24,184 - ⚠️ Ошибка: 'Response' object has no attribute 'adjust_for_ambient_noise'
2026-08-15 22:29:24,287 - ⚠️ Ошибка: 'Response' object has no attribute 'adjust_for_ambient_noise'
2026-08-15 22:29:24,387 - ⚠️ Ошибка: 'Response' object has no attribute 'adjust_for_ambient_noise'
2026-08-15 22:29:24,479 - ⚠️ Ошибка: 'Response' object has no attribute 'adjust_for_ambient_noise'
2026-08-15 22:29:24,575 - ⚠️ Ошибка: 'Response' object has no attribute 'adjust_for_ambient_noise'
2026-08-15 22:29:24,684 - ⚠️ Ошибка: 'Response' object has no attribute 'adjust_for_ambient_noise'
2026-08-15 22:29:24,791 - ⚠️ Ошибка: 'Response' object has no attribute 'adjust_for_ambient_noise'
2026-08-15 22:29:24,927 - ⚠️ Ошибка: 'Response' object has no attribute 'adjust_for_ambient_noise'
2026-08-15 22:29:25,053 - ⚠️ Ошибка: 'Response' object has no attribute 'adjust_for_ambient_noise'
2026-08-15 22:29:25,155 - ⚠️ Ошибка: 'Response' object has no attribute 'adjust_for_ambient_noise'
2026-08-15 22:29:25,261 - ⚠️ Ошибка: 'Response' object has no attribute 'adjust_for_ambient_noise'
2026-08-15 22:29:25,369 - ⚠️ Ошибка: 'Response' object has no attribute 'adjust_for_ambient_noise'
2026-08-15 22:29:25,470 - ⚠️ Ошибка: 'Response' object has no attribute 'adjust_for_ambient_noise'
2026-08-15 22:29:25,570 - ⚠️ Ошибка: 'Response' object has no attribute 'adjust_for_ambient_noise'
2026-08-15 22:29:25,685 - ⚠️ Ошибка: 'Response' object has no attribute 'adjust_for_ambient_noise'
2026-08-15 22:29:25,786 - ⚠️ Ошибка: 'Response' object has no attribute 'adjust_for_ambient_noise'
2026-08-15 22:29:25,884 - ⚠️ Ошибка: 'Response' object has no attribute 'adjust_for_ambient_noise'
2026-08-15 22:29:25,988 - ⚠️ Ошибка: 'Response' object has no attribute 'adjust_for_ambient_noise'
2026-08-15 22:29:26,118 - ⚠️ Ошибка: 'Response' object has no attribute 'adjust_for_ambient_noise'
2026-08-15 22:29:26,224 - ⚠️ Ошибка: 'Response' object has no attribute 'adjust_for_ambient_noise'
2026-08-15 22:29:26,318 - ⚠️ Ошибка: 'Response' object has no attribute 'adjust_for_ambient_noise'
2026-08-15 22:29:26,411 - ⚠️ Ошибка: 'Response' object has no attribute 'adjust_for_ambient_noise'
2026-08-15 22:29:26,527 - ⚠️ Ошибка: 'Response' object has no attribute 'adjust_for_ambient_noise'
2026-08-15 22:29:26,624 - ⚠️ Ошибка: 'Response' object has no attribute 'adjust_for_ambient_noise'
2026-08-15 22:29:26,745 - ⚠️ Ошибка: 'Response' object has no attribute 'adjust_for_ambient_noise'
2026-08-15 22:29:26,851 - ⚠️ Ошибка: 'Response' object has no attribute 'adjust_for_ambient_noise'
2026-08-15 22:29:26,950 - ⚠️ Ошибка: 'Response' object has no attribute 'adjust_for_ambient_noise'
2026-08-15 22:29:27,046 - ⚠️ Ошибка: 'Response' object has no attribute 'adjust_for_ambient_noise'
2026-08-15 22:29:27,145 - ⚠️ Ошибка: 'Response' object has no attribute 'adjust_for_ambient_noise'
2026-08-15 22:29:27,246 - ⚠️ Ошибка: 'Response' object has no attribute 'adjust_for_ambient_noise'
2026-08-15 22:29:27,348 - ⚠️ Ошибка: 'Response' object has no attribute 'adjust_for_ambient_noise'
2026-08-15 22:29:27,461 - ⚠️ Ошибка: 'Response' object has no attribute 'adjust_for_ambient_noise'
2026-08-15 22:29:27,572 - ⚠️ Ошибка: 'Response' object has no attribute 'adjust_for_ambient_noise'
2026-08-15 22:29:27,673 - ⚠️ Ошибка: 'Response' object has no attribute 'adjust_for_ambient_noise'
2026-08-15 22:29:27,772 - ⚠️ Ошибка: 'Response' object has no attribute 'adjust_for_ambient_noise'
2026-08-15 22:29:27,869 - ⚠️ Ошибка: 'Response' object has no attribute 'adjust_for_ambient_noise'
2026-08-15 22:29:27,965 - ⚠️ Ошибка: 'Response' object has no attribute 'adjust_for_ambient_noise'
2026-08-15 22:29:28,062 - ⚠️ Ошибка: 'Response' object has no attribute 'adjust_for_ambient_noise'
2026-08-15 22:29:28,159 - ⚠️ Ошибка: 'Response' object has no attribute 'adjust_for_ambient_noise'
2026-08-15 22:29:28,256 - ⚠️ Ошибка: 'Response' object has no attribute 'adjust_for_ambient_noise'
2026-08-15 22:29:28,352 - ⚠️ Ошибка: 'Response' object has no attribute 'adjust_for_ambient_noise'
2026-08-15 22:29:28,451 - ⚠️ Ошибка: 'Response' object has no attribute 'adjust_for_ambient_noise'
2026-08-15 22:29:28,548 - ⚠️ Ошибка: 'Response' object has no attribute 'adjust_for_ambient_noise'
2026-08-15 22:29:28,643 - ⚠️ Ошибка: 'Response' object has no attribute 'adjust_for_ambient_noise'
2026-08-15 22:29:28,740 - ⚠️ Ошибка: 'Response' object has no attribute 'adjust_for_ambient_noise'
2026-08-15 22:29:28,837 - ⚠️ Ошибка: 'Response' object has no attribute 'adjust_for_ambient_noise'
2026-08-15 22:29:28,934 - ⚠️ Ошибка: 'Response' object has no attribute 'adjust_for_ambient_noise'
2026-08-15 22:29:29,034 - ⚠️ Ошибка: 'Response' object has no attribute 'adjust_for_ambient_noise'
2026-08-15 22:29:29,136 - ⚠️ Ошибка: 'Response' object has no attribute 'adjust_for_ambient_noise'
2026-08-15 22:29:29,244 - ⚠️ Ошибка: 'Response' object has no attribute 'adjust_for_ambient_noise'
2026-08-15 22:29:29,349 - ⚠️ Ошибка: 'Response' object has no attribute 'adjust_for_ambient_noise'
2026-08-15 22:29:29,476 - ⚠️ Ошибка: 'Response' object has no attribute 'adjust_for_ambient_noise'
2026-08-15 22:29:29,571 - ⚠️ Ошибка: 'Response' object has no attribute 'adjust_for_ambient_noise'
2026-08-15 22:29:29,668 - ⚠️ Ошибка: 'Response' object has no attribute 'adjust_for_ambient_noise'
2026-08-15 22:29:29,773 - ⚠️ Ошибка: 'Response' object has no attribute 'adjust_for_ambient_noise'
2026-08-15 22:29:29,881 - ⚠️ Ошибка: 'Response' object has no attribute 'adjust_for_ambient_noise'
2026-08-15 22:29:29,993 - ⚠️ Ошибка: 'Response' object has no attribute 'adjust_for_ambient_noise'
2026-08-15 22:29:30,089 - ⚠️ Ошибка: 'Response' object has no attribute 'adjust_for_ambient_noise'
2026-08-15 22:29:30,192 - ⚠️ Ошибка: 'Response' object has no attribute 'adjust_for_ambient_noise'
2026-08-15 22:29:30,294 - ⚠️ Ошибка: 'Response' object has no attribute 'adjust_for_ambient_noise'
2026-08-15 22:29:30,394 - ⚠️ Ошибка: 'Response' object has no attribute 'adjust_for_ambient_noise'
2026-08-15 22:29:30,492 - ⚠️ Ошибка: 'Response' object has no attribute 'adjust_for_ambient_noise'
2026-08-15 22:29:30,617 - ⚠️ Ошибка: 'Response' object has no attribute 'adjust_for_ambient_noise'
2026-08-15 22:29:30,725 - ⚠️ Ошибка: 'Response' object has no attribute 'adjust_for_ambient_noise'
2026-08-15 22:29:30,857 - ⚠️ Ошибка: 'Response' object has no attribute 'adjust_for_ambient_noise'
2026-08-15 22:29:30,956 - ⚠️ Ошибка: 'Response' object has no attribute 'adjust_for_ambient_noise'
2026-08-15 22:29:31,053 - ⚠️ Ошибка: 'Response' object has no attribute 'adjust_for_ambient_noise'
2026-08-15 22:29:31,153 - ⚠️ Ошибка: 'Response' object has no attribute 'adjust_for_ambient_noise'
2026-08-15 22:29:31,251 - ⚠️ Ошибка: 'Response' object has no attribute 'adjust_for_ambient_noise'
2026-08-15 22:29:31,374 - ⚠️ Ошибка: 'Response' object has no attribute 'adjust_for_ambient_noise'
2026-08-15 22:29:31,476 - ⚠️ Ошибка: 'Response' object has no attribute 'adjust_for_ambient_noise'
2026-08-15 22:29:31,576 - ⚠️ Ошибка: 'Response' object has no attribute 'adjust_for_ambient_noise'
2026-08-15 22:29:31,678 - ⚠️ Ошибка: 'Response' object has no attribute 'adjust_for_ambient_noise'
2026-08-15 22:29:31,778 - ⚠️ Ошибка: 'Response' object has no attribute 'adjust_for_ambient_noise'
2026-08-15 22:29:31,875 - ⚠️ Ошибка: 'Response' object has no attribute 'adjust_for_ambient_noise'
2026-08-15 22:29:31,970 - ⚠️ Ошибка: 'Response' object has no attribute 'adjust_for_ambient_noise'
2026-08-15 22:29:32,068 - ⚠️ Ошибка: 'Response' object has no attribute 'adjust_for_ambient_noise'
2026-08-15 22:29:32,176 - ⚠️ Ошибка: 'Response' object has no attribute 'adjust_for_ambient_noise'
2026-08-15 22:29:32,274 - ⚠️ Ошибка: 'Response' object has no attribute 'adjust_for_ambient_noise'
2026-08-15 22:29:32,371 - ⚠️ Ошибка: 'Response' object has no attribute 'adjust_for_ambient_noise'
2026-08-15 22:29:32,498 - ⚠️ Ошибка: 'Response' object has no attribute 'adjust_for_ambient_noise'
2026-08-15 22:29:32,602 - ⚠️ Ошибка: 'Response' object has no attribute 'adjust_for_ambient_noise'
2026-08-15 22:29:32,705 - ⚠️ Ошибка: 'Response' object has no attribute 'adjust_for_ambient_noise'
2026-08-15 22:29:32,816 - ⚠️ Ошибка: 'Response' object has no attribute 'adjust_for_ambient_noise'
2026-08-15 22:29:32,931 - ⚠️ Ошибка: 'Response' object has no attribute 'adjust_for_ambient_noise'
2026-08-15 22:29:33,027 - ⚠️ Ошибка: 'Response' object has no attribute 'adjust_for_ambient_noise'
2026-08-15 22:29:33,125 - ⚠️ Ошибка: 'Response' object has no attribute 'adjust_for_ambient_noise'
2026-08-15 22:29:33,226 - ⚠️ Ошибка: 'Response' object has no attribute 'adjust_for_ambient_noise'
2026-08-15 22:29:33,330 - ⚠️ Ошибка: 'Response' object has no attribute 'adjust_for_ambient_noise'
2026-08-15 22:29:33,433 - ⚠️ Ошибка: 'Response' object has no attribute 'adjust_for_ambient_noise'
2026-08-15 22:29:33,529 - ⚠️ Ошибка: 'Response' object has no attribute 'adjust_for_ambient_noise'
2026-08-15 22:29:33,637 - ⚠️ Ошибка: 'Response' object has no attribute 'adjust_for_ambient_noise'
2026-08-15 22:29:33,740 - ⚠️ Ошибка: 'Response' object has no attribute 'adjust_for_ambient_noise'
2026-08-15 22:29:33,833 - ⚠️ Ошибка: 'Response' object has no attribute 'adjust_for_ambient_noise'
2026-08-15 22:29:33,945 - ⚠️ Ошибка: 'Response' object has no attribute 'adjust_for_ambient_noise'
2026-08-15 22:29:34,049 - ⚠️ Ошибка: 'Response' object has no attribute 'adjust_for_ambient_noise'
2026-08-15 22:29:34,156 - ⚠️ Ошибка: 'Response' object has no attribute 'adjust_for_ambient_noise'
2026-08-15 22:29:34,259 - ⚠️ Ошибка: 'Response' object has no attribute 'adjust_for_ambient_noise'
2026-08-15 22:29:34,377 - ⚠️ Ошибка: 'Response' object has no attribute 'adjust_for_ambient_noise'
2026-08-15 22:29:34,484 - ⚠️ Ошибка: 'Response' object has no attribute 'adjust_for_ambient_noise'
2026-08-15 22:29:34,580 - ⚠️ Ошибка: 'Response' object has no attribute 'adjust_for_ambient_noise'
2026-08-15 22:29:34,681 - ⚠️ Ошибка: 'Response' object has no attribute 'adjust_for_ambient_noise'
2026-08-15 22:29:34,792 - ⚠️ Ошибка: 'Response' object has no attribute 'adjust_for_ambient_noise'
2026-08-15 22:29:34,901 - ⚠️ Ошибка: 'Response' object has no attribute 'adjust_for_ambient_noise'
2026-08-15 22:29:35,016 - ⚠️ Ошибка: 'Response' object has no attribute 'adjust_for_ambient_noise'
2026-08-15 22:29:35,149 - ⚠️ Ошибка: 'Response' object has no attribute 'adjust_for_ambient_noise'
2026-08-15 22:29:35,245 - ⚠️ Ошибка: 'Response' object has no attribute 'adjust_for_ambient_noise'
2026-08-15 22:29:35,354 - ⚠️ Ошибка: 'Response' object has no attribute 'adjust_for_ambient_noise'
2026-08-15 22:29:35,476 - ⚠️ Ошибка: 'Response' object has no attribute 'adjust_for_ambient_noise'
2026-08-15 22:29:35,570 - ⚠️ Ошибка: 'Response' object has no attribute 'adjust_for_ambient_noise'
2026-08-15 22:29:35,682 - ⚠️ Ошибка: 'Response' object has no attribute 'adjust_for_ambient_noise'
2026-08-15 22:29:35,787 - ⚠️ Ошибка: 'Response' object has no attribute 'adjust_for_ambient_noise'
2026-08-15 22:29:35,880 - ⚠️ Ошибка: 'Response' object has no attribute 'adjust_for_ambient_noise'
2026-08-15 22:29:35,974 - ⚠️ Ошибка: 'Response' object has no attribute 'adjust_for_ambient_noise'
2026-08-15 22:29:36,077 - ⚠️ Ошибка: 'Response' object has no attribute 'adjust_for_ambient_noise'
2026-08-15 22:29:36,187 - ⚠️ Ошибка: 'Response' object has no attribute 'adjust_for_ambient_noise'
2026-08-15 22:29:36,285 - ⚠️ Ошибка: 'Response' object has no attribute 'adjust_for_ambient_noise'
2026-08-15 22:29:36,399 - ⚠️ Ошибка: 'Response' object has no attribute 'adjust_for_ambient_noise'
2026-08-15 22:29:36,504 - ⚠️ Ошибка: 'Response' object has no attribute 'adjust_for_ambient_noise'
2026-08-15 22:29:36,634 - ⚠️ Ошибка: 'Response' object has no attribute 'adjust_for_ambient_noise'
2026-08-15 22:29:36,754 - ⚠️ Ошибка: 'Response' object has no attribute 'adjust_for_ambient_noise'
2026-08-15 22:29:36,861 - ⚠️ Ошибка: 'Response' object has no attribute 'adjust_for_ambient_noise'
2026-08-15 22:29:36,974 - ⚠️ Ошибка: 'Response' object has no attribute 'adjust_for_ambient_noise'
2026-08-15 22:29:37,077 - ⚠️ Ошибка: 'Response' object has no attribute 'adjust_for_ambient_noise'
2026-08-15 22:29:37,192 - ⚠️ Ошибка: 'Response' object has no attribute 'adjust_for_ambient_noise'
2026-08-15 22:29:37,318 - ⚠️ Ошибка: 'Response' object has no attribute 'adjust_for_ambient_noise'
2026-08-15 22:29:37,426 - ⚠️ Ошибка: 'Response' object has no attribute 'adjust_for_ambient_noise'
2026-08-15 22:29:37,525 - ⚠️ Ошибка: 'Response' object has no attribute 'adjust_for_ambient_noise'
2026-08-15 22:29:37,639 - ⚠️ Ошибка: 'Response' object has no attribute 'adjust_for_ambient_noise'
2026-08-15 22:29:37,741 - ⚠️ Ошибка: 'Response' object has no attribute 'adjust_for_ambient_noise'
2026-08-15 22:29:37,835 - ⚠️ Ошибка: 'Response' object has no attribute 'adjust_for_ambient_noise'
2026-08-15 22:29:37,944 - ⚠️ Ошибка: 'Response' object has no attribute 'adjust_for_ambient_noise'
2026-08-15 22:29:38,044 - ⚠️ Ошибка: 'Response' object has no attribute 'adjust_for_ambient_noise'
2026-08-15 22:29:38,168 - ⚠️ Ошибка: 'Response' object has no attribute 'adjust_for_ambient_noise'
2026-08-15 22:29:38,296 - ⚠️ Ошибка: 'Response' object has no attribute 'adjust_for_ambient_noise'
2026-08-15 22:29:38,393 - ⚠️ Ошибка: 'Response' object has no attribute 'adjust_for_ambient_noise'
2026-08-15 22:29:38,491 - ⚠️ Ошибка: 'Response' object has no attribute 'adjust_for_ambient_noise'
2026-08-15 22:29:38,623 - ⚠️ Ошибка: 'Response' object has no attribute 'adjust_for_ambient_noise'
2026-08-15 22:29:38,742 - ⚠️ Ошибка: 'Response' object has no attribute 'adjust_for_ambient_noise'
2026-08-15 22:29:38,839 - ⚠️ Ошибка: 'Response' object has no attribute 'adjust_for_ambient_noise'
2026-08-15 22:29:38,935 - ⚠️ Ошибка: 'Response' object has no attribute 'adjust_for_ambient_noise'
2026-08-15 22:29:39,031 - ⚠️ Ошибка: 'Response' object has no attribute 'adjust_for_ambient_noise'
2026-08-15 22:29:39,137 - ⚠️ Ошибка: 'Response' object has no attribute 'adjust_for_ambient_noise'
2026-08-15 22:29:39,255 - ⚠️ Ошибка: 'Response' object has no attribute 'adjust_for_ambient_noise'
2026-08-15 22:29:39,352 - ⚠️ Ошибка: 'Response' object has no attribute 'adjust_for_ambient_noise'
2026-08-15 22:29:39,445 - ⚠️ Ошибка: 'Response' object has no attribute 'adjust_for_ambient_noise'
2026-08-15 22:29:39,540 - ⚠️ Ошибка: 'Response' object has no attribute 'adjust_for_ambient_noise'
2026-08-15 22:29:39,639 - ⚠️ Ошибка: 'Response' object has no attribute 'adjust_for_ambient_noise'
2026-08-15 22:29:39,737 - ⚠️ Ошибка: 'Response' object has no attribute 'adjust_for_ambient_noise'
2026-08-15 22:29:39,836 - ⚠️ Ошибка: 'Response' object has no attribute 'adjust_for_ambient_noise'
2026-08-15 22:29:39,935 - ⚠️ Ошибка: 'Response' object has no attribute 'adjust_for_ambient_noise'
2026-08-15 22:29:40,045 - ⚠️ Ошибка: 'Response' object has no attribute 'adjust_for_ambient_noise'
2026-08-15 22:29:40,139 - ⚠️ Ошибка: 'Response' object has no attribute 'adjust_for_ambient_noise'
2026-08-15 22:29:40,245 - ⚠️ Ошибка: 'Response' object has no attribute 'adjust_for_ambient_noise'
2026-08-15 22:29:40,343 - ⚠️ Ошибка: 'Response' object has no attribute 'adjust_for_ambient_noise'
2026-08-15 22:29:40,452 - ⚠️ Ошибка: 'Response' object has no attribute 'adjust_for_ambient_noise'
2026-08-15 22:29:40,562 - ⚠️ Ошибка: 'Response' object has no attribute 'adjust_for_ambient_noise'
2026-08-15 22:29:40,678 - ⚠️ Ошибка: 'Response' object has no attribute 'adjust_for_ambient_noise'
2026-08-15 22:29:40,772 - ⚠️ Ошибка: 'Response' object has no attribute 'adjust_for_ambient_noise'
2026-08-15 22:29:40,869 - ⚠️ Ошибка: 'Response' object has no attribute 'adjust_for_ambient_noise'
2026-08-15 22:29:40,976 - ⚠️ Ошибка: 'Response' object has no attribute 'adjust_for_ambient_noise'
2026-08-15 22:29:41,084 - ⚠️ Ошибка: 'Response' object has no attribute 'adjust_for_ambient_noise'
2026-08-15 22:29:41,181 - ⚠️ Ошибка: 'Response' object has no attribute 'adjust_for_ambient_noise'
2026-08-15 22:29:41,277 - ⚠️ Ошибка: 'Response' object has no attribute 'adjust_for_ambient_noise'
2026-08-15 22:29:41,391 - ⚠️ Ошибка: 'Response' object has no attribute 'adjust_for_ambient_noise'
2026-08-15 22:29:41,489 - ⚠️ Ошибка: 'Response' object has no attribute 'adjust_for_ambient_noise'
2026-08-15 22:29:41,589 - ⚠️ Ошибка: 'Response' object has no attribute 'adjust_for_ambient_noise'
2026-08-15 22:29:41,689 - ⚠️ Ошибка: 'Response' object has no attribute 'adjust_for_ambient_noise'
2026-08-15 22:29:41,803 - ⚠️ Ошибка: 'Response' object has no attribute 'adjust_for_ambient_noise'
2026-08-15 22:29:41,899 - ⚠️ Ошибка: 'Response' object has no attribute 'adjust_for_ambient_noise'
2026-08-15 22:29:42,001 - ⚠️ Ошибка: 'Response' object has no attribute 'adjust_for_ambient_noise'
2026-08-15 22:29:42,100 - ⚠️ Ошибка: 'Response' object has no attribute 'adjust_for_ambient_noise'
2026-08-15 22:29:42,196 - ⚠️ Ошибка: 'Response' object has no attribute 'adjust_for_ambient_noise'
2026-08-15 22:29:42,297 - ⚠️ Ошибка: 'Response' object has no attribute 'adjust_for_ambient_noise'
2026-08-15 22:29:42,397 - ⚠️ Ошибка: 'Response' object has no attribute 'adjust_for_ambient_noise'
2026-08-15 22:29:42,495 - ⚠️ Ошибка: 'Response' object has no attribute 'adjust_for_ambient_noise'
2026-08-15 22:29:42,592 - ⚠️ Ошибка: 'Response' object has no attribute 'adjust_for_ambient_noise'
2026-08-15 22:29:42,698 - ⚠️ Ошибка: 'Response' object has no attribute 'adjust_for_ambient_noise'
2026-08-15 22:29:42,794 - ⚠️ Ошибка: 'Response' object has no attribute 'adjust_for_ambient_noise'
2026-08-15 22:29:42,897 - ⚠️ Ошибка: 'Response' object has no attribute 'adjust_for_ambient_noise'
2026-08-15 22:29:42,993 - ⚠️ Ошибка: 'Response' object has no attribute 'adjust_for_ambient_noise'
2026-08-15 22:29:43,088 - ⚠️ Ошибка: 'Response' object has no attribute 'adjust_for_ambient_noise'
2026-08-15 22:29:43,184 - ⚠️ Ошибка: 'Response' object has no attribute 'adjust_for_ambient_noise'
2026-08-15 22:29:43,282 - ⚠️ Ошибка: 'Response' object has no attribute 'adjust_for_ambient_noise'
2026-08-15 22:29:43,378 - ⚠️ Ошибка: 'Response' object has no attribute 'adjust_for_ambient_noise'
2026-08-15 22:29:43,479 - ⚠️ Ошибка: 'Response' object has no attribute 'adjust_for_ambient_noise'
2026-08-15 22:29:43,574 - ⚠️ Ошибка: 'Response' object has no attribute 'adjust_for_ambient_noise'
2026-08-15 22:29:43,680 - ⚠️ Ошибка: 'Response' object has no attribute 'adjust_for_ambient_noise'
2026-08-15 22:29:43,780 - ⚠️ Ошибка: 'Response' object has no attribute 'adjust_for_ambient_noise'
2026-08-15 22:29:43,876 - ⚠️ Ошибка: 'Response' object has no attribute 'adjust_for_ambient_noise'
2026-08-15 22:29:43,975 - ⚠️ Ошибка: 'Response' object has no attribute 'adjust_for_ambient_noise'
2026-08-15 22:29:44,073 - ⚠️ Ошибка: 'Response' object has no attribute 'adjust_for_ambient_noise'
2026-08-15 22:29:44,173 - ⚠️ Ошибка: 'Response' object has no attribute 'adjust_for_ambient_noise'
2026-08-15 22:29:44,269 - ⚠️ Ошибка: 'Response' object has no attribute 'adjust_for_ambient_noise'
2026-08-15 22:29:44,363 - ⚠️ Ошибка: 'Response' object has no attribute 'adjust_for_ambient_noise'
2026-08-15 22:29:44,458 - ⚠️ Ошибка: 'Response' object has no attribute 'adjust_for_ambient_noise'
2026-08-15 22:29:44,555 - ⚠️ Ошибка: 'Response' object has no attribute 'adjust_for_ambient_noise'
2026-08-15 22:29:44,650 - ⚠️ Ошибка: 'Response' object has no attribute 'adjust_for_ambient_noise'
2026-08-15 22:29:44,751 - ⚠️ Ошибка: 'Response' object has no attribute 'adjust_for_ambient_noise'
2026-08-15 22:29:44,847 - ⚠️ Ошибка: 'Response' object has no attribute 'adjust_for_ambient_noise'
2026-08-15 22:29:44,943 - ⚠️ Ошибка: 'Response' object has no attribute 'adjust_for_ambient_noise'
2026-08-15 22:29:45,056 - ⚠️ Ошибка: 'Response' object has no attribute 'adjust_for_ambient_noise'
2026-08-15 22:29:45,155 - ⚠️ Ошибка: 'Response' object has no attribute 'adjust_for_ambient_noise'
2026-08-15 22:29:45,256 - ⚠️ Ошибка: 'Response' object has no attribute 'adjust_for_ambient_noise'
2026-08-15 22:29:45,355 - ⚠️ Ошибка: 'Response' object has no attribute 'adjust_for_ambient_noise'
2026-08-15 22:29:45,453 - ⚠️ Ошибка: 'Response' object has no attribute 'adjust_for_ambient_noise'
2026-08-15 22:29:45,552 - ⚠️ Ошибка: 'Response' object has no attribute 'adjust_for_ambient_noise'
2026-08-15 22:29:45,681 - ⚠️ Ошибка: 'Response' object has no attribute 'adjust_for_ambient_noise'
2026-08-15 22:29:45,778 - ⚠️ Ошибка: 'Response' object has no attribute 'adjust_for_ambient_noise'
2026-08-15 22:29:45,880 - ⚠️ Ошибка: 'Response' object has no attribute 'adjust_for_ambient_noise'
2026-08-15 22:29:45,974 - ⚠️ Ошибка: 'Response' object has no attribute 'adjust_for_ambient_noise'
2026-08-15 22:29:46,072 - ⚠️ Ошибка: 'Response' object has no attribute 'adjust_for_ambient_noise'
2026-08-15 22:29:46,166 - ⚠️ Ошибка: 'Response' object has no attribute 'adjust_for_ambient_noise'
2026-08-15 22:29:46,277 - ⚠️ Ошибка: 'Response' object has no attribute 'adjust_for_ambient_noise'
2026-08-15 22:29:46,373 - ⚠️ Ошибка: 'Response' object has no attribute 'adjust_for_ambient_noise'
2026-08-15 22:29:46,475 - ⚠️ Ошибка: 'Response' object has no attribute 'adjust_for_ambient_noise'
2026-08-15 22:29:46,599 - ⚠️ Ошибка: 'Response' object has no attribute 'adjust_for_ambient_noise'
2026-08-15 22:29:46,702 - ⚠️ Ошибка: 'Response' object has no attribute 'adjust_for_ambient_noise'
2026-08-15 22:29:46,802 - ⚠️ Ошибка: 'Response' object has no attribute 'adjust_for_ambient_noise'
2026-08-15 22:29:46,903 - ⚠️ Ошибка: 'Response' object has no attribute 'adjust_for_ambient_noise'
2026-08-15 22:29:47,005 - ⚠️ Ошибка: 'Response' object has no attribute 'adjust_for_ambient_noise'
2026-08-15 22:29:47,111 - ⚠️ Ошибка: 'Response' object has no attribute 'adjust_for_ambient_noise'
2026-08-15 22:29:47,222 - ⚠️ Ошибка: 'Response' object has no attribute 'adjust_for_ambient_noise'
2026-08-15 22:29:47,322 - ⚠️ Ошибка: 'Response' object has no attribute 'adjust_for_ambient_noise'
2026-08-15 22:29:47,441 - ⚠️ Ошибка: 'Response' object has no attribute 'adjust_for_ambient_noise'
2026-08-15 22:29:47,537 - ⚠️ Ошибка: 'Response' object has no attribute 'adjust_for_ambient_noise'
2026-08-15 22:29:47,634 - ⚠️ Ошибка: 'Response' object has no attribute 'adjust_for_ambient_noise'
2026-08-15 22:29:47,750 - ⚠️ Ошибка: 'Response' object has no attribute 'adjust_for_ambient_noise'
2026-08-15 22:29:47,854 - ⚠️ Ошибка: 'Response' object has no attribute 'adjust_for_ambient_noise'
2026-08-15 22:29:47,965 - ⚠️ Ошибка: 'Response' object has no attribute 'adjust_for_ambient_noise'
2026-08-15 22:29:48,061 - ⚠️ Ошибка: 'Response' object has no attribute 'adjust_for_ambient_noise'
2026-08-15 22:29:48,157 - ⚠️ Ошибка: 'Response' object has no attribute 'adjust_for_ambient_noise'
2026-08-15 22:29:48,292 - ⚠️ Ошибка: 'Response' object has no attribute 'adjust_for_ambient_noise'
2026-08-15 22:29:48,390 - ⚠️ Ошибка: 'Response' object has no attribute 'adjust_for_ambient_noise'
2026-08-15 22:29:48,512 - ⚠️ Ошибка: 'Response' object has no attribute 'adjust_for_ambient_noise'
2026-08-15 22:29:48,639 - ⚠️ Ошибка: 'Response' object has no attribute 'adjust_for_ambient_noise'
2026-08-15 22:29:48,751 - ⚠️ Ошибка: 'Response' object has no attribute 'adjust_for_ambient_noise'
2026-08-15 22:29:48,848 - ⚠️ Ошибка: 'Response' object has no attribute 'adjust_for_ambient_noise'
2026-08-15 22:29:48,950 - ⚠️ Ошибка: 'Response' object has no attribute 'adjust_for_ambient_noise'
2026-08-15 22:29:49,066 - ⚠️ Ошибка: 'Response' object has no attribute 'adjust_for_ambient_noise'
2026-08-15 22:29:49,176 - ⚠️ Ошибка: 'Response' object has no attribute 'adjust_for_ambient_noise'
2026-08-15 22:29:49,283 - ⚠️ Ошибка: 'Response' object has no attribute 'adjust_for_ambient_noise'
2026-08-15 22:29:49,383 - ⚠️ Ошибка: 'Response' object has no attribute 'adjust_for_ambient_noise'
2026-08-15 22:29:49,483 - ⚠️ Ошибка: 'Response' object has no attribute 'adjust_for_ambient_noise'
2026-08-15 22:29:49,583 - ⚠️ Ошибка: 'Response' object has no attribute 'adjust_for_ambient_noise'
2026-08-15 22:29:49,688 - ⚠️ Ошибка: 'Response' object has no attribute 'adjust_for_ambient_noise'
2026-08-15 22:29:49,786 - ⚠️ Ошибка: 'Response' object has no attribute 'adjust_for_ambient_noise'
2026-08-15 22:29:49,885 - ⚠️ Ошибка: 'Response' object has no attribute 'adjust_for_ambient_noise'
2026-08-15 22:29:50,014 - ⚠️ Ошибка: 'Response' object has no attribute 'adjust_for_ambient_noise'
2026-08-15 22:29:50,114 - ⚠️ Ошибка: 'Response' object has no attribute 'adjust_for_ambient_noise'
2026-08-15 22:29:50,222 - ⚠️ Ошибка: 'Response' object has no attribute 'adjust_for_ambient_noise'
2026-08-15 22:29:50,319 - ⚠️ Ошибка: 'Response' object has no attribute 'adjust_for_ambient_noise'
2026-08-15 22:29:50,414 - ⚠️ Ошибка: 'Response' object has no attribute 'adjust_for_ambient_noise'
2026-08-15 22:29:50,511 - ⚠️ Ошибка: 'Response' object has no attribute 'adjust_for_ambient_noise'
2026-08-15 22:29:50,613 - ⚠️ Ошибка: 'Response' object has no attribute 'adjust_for_ambient_noise'
2026-08-15 22:29:50,725 - ⚠️ Ошибка: 'Response' object has no attribute 'adjust_for_ambient_noise'
2026-08-15 22:29:50,821 - ⚠️ Ошибка: 'Response' object has no attribute 'adjust_for_ambient_noise'
2026-08-15 22:29:50,926 - ⚠️ Ошибка: 'Response' object has no attribute 'adjust_for_ambient_noise'
2026-08-15 22:29:51,027 - ⚠️ Ошибка: 'Response' object has no attribute 'adjust_for_ambient_noise'
2026-08-15 22:29:51,124 - ⚠️ Ошибка: 'Response' object has no attribute 'adjust_for_ambient_noise'
2026-08-15 22:29:51,248 - ⚠️ Ошибка: 'Response' object has no attribute 'adjust_for_ambient_noise'
2026-08-15 22:29:51,343 - ⚠️ Ошибка: 'Response' object has no attribute 'adjust_for_ambient_noise'
2026-08-15 22:29:51,463 - ⚠️ Ошибка: 'Response' object has no attribute 'adjust_for_ambient_noise'
2026-08-15 22:29:51,562 - ⚠️ Ошибка: 'Response' object has no attribute 'adjust_for_ambient_noise'
2026-08-15 22:29:51,665 - ⚠️ Ошибка: 'Response' object has no attribute 'adjust_for_ambient_noise'
2026-08-15 22:29:51,804 - ⚠️ Ошибка: 'Response' object has no attribute 'adjust_for_ambient_noise'
2026-08-15 22:29:51,903 - ⚠️ Ошибка: 'Response' object has no attribute 'adjust_for_ambient_noise'
2026-08-15 22:29:52,004 - ⚠️ Ошибка: 'Response' object has no attribute 'adjust_for_ambient_noise'
2026-08-15 22:29:52,141 - ⚠️ Ошибка: 'Response' object has no attribute 'adjust_for_ambient_noise'
2026-08-15 22:29:52,246 - ⚠️ Ошибка: 'Response' object has no attribute 'adjust_for_ambient_noise'
2026-08-15 22:29:52,348 - ⚠️ Ошибка: 'Response' object has no attribute 'adjust_for_ambient_noise'
2026-08-15 22:29:52,447 - ⚠️ Ошибка: 'Response' object has no attribute 'adjust_for_ambient_noise'
2026-08-15 22:29:52,556 - ⚠️ Ошибка: 'Response' object has no attribute 'adjust_for_ambient_noise'
2026-08-15 22:29:52,653 - ⚠️ Ошибка: 'Response' object has no attribute 'adjust_for_ambient_noise'
2026-08-15 22:29:52,748 - ⚠️ Ошибка: 'Response' object has no attribute 'adjust_for_ambient_noise'
2026-08-15 22:29:52,855 - ⚠️ Ошибка: 'Response' object has no attribute 'adjust_for_ambient_noise'
2026-08-15 22:29:52,979 - ⚠️ Ошибка: 'Response' object has no attribute 'adjust_for_ambient_noise'
2026-08-15 22:29:53,077 - ⚠️ Ошибка: 'Response' object has no attribute 'adjust_for_ambient_noise'
2026-08-15 22:29:53,177 - ⚠️ Ошибка: 'Response' object has no attribute 'adjust_for_ambient_noise'
2026-08-15 22:29:53,279 - ⚠️ Ошибка: 'Response' object has no attribute 'adjust_for_ambient_noise'
2026-08-15 22:29:53,377 - ⚠️ Ошибка: 'Response' object has no attribute 'adjust_for_ambient_noise'
2026-08-15 22:29:53,475 - ⚠️ Ошибка: 'Response' object has no attribute 'adjust_for_ambient_noise'
2026-08-15 22:29:53,573 - ⚠️ Ошибка: 'Response' object has no attribute 'adjust_for_ambient_noise'
2026-08-15 22:29:53,684 - ⚠️ Ошибка: 'Response' object has no attribute 'adjust_for_ambient_noise'
2026-08-15 22:29:53,790 - ⚠️ Ошибка: 'Response' object has no attribute 'adjust_for_ambient_noise'
2026-08-15 22:29:53,888 - ⚠️ Ошибка: 'Response' object has no attribute 'adjust_for_ambient_noise'
2026-08-15 22:29:53,983 - ⚠️ Ошибка: 'Response' object has no attribute 'adjust_for_ambient_noise'
2026-08-15 22:29:54,104 - ⚠️ Ошибка: 'Response' object has no attribute 'adjust_for_ambient_noise'
2026-08-15 22:29:54,206 - ⚠️ Ошибка: 'Response' object has no attribute 'adjust_for_ambient_noise'
2026-08-15 22:29:54,309 - ⚠️ Ошибка: 'Response' object has no attribute 'adjust_for_ambient_noise'
2026-08-15 22:29:54,410 - ⚠️ Ошибка: 'Response' object has no attribute 'adjust_for_ambient_noise'
2026-08-15 22:29:54,516 - ⚠️ Ошибка: 'Response' object has no attribute 'adjust_for_ambient_noise'
2026-08-15 22:29:54,628 - ⚠️ Ошибка: 'Response' object has no attribute 'adjust_for_ambient_noise'
2026-08-15 22:29:54,748 - ⚠️ Ошибка: 'Response' object has no attribute 'adjust_for_ambient_noise'
2026-08-15 22:29:54,847 - ⚠️ Ошибка: 'Response' object has no attribute 'adjust_for_ambient_noise'
2026-08-15 22:29:54,958 - ⚠️ Ошибка: 'Response' object has no attribute 'adjust_for_ambient_noise'
2026-08-15 22:29:55,072 - ⚠️ Ошибка: 'Response' object has no attribute 'adjust_for_ambient_noise'
2026-08-15 22:29:55,185 - ⚠️ Ошибка: 'Response' object has no attribute 'adjust_for_ambient_noise'
2026-08-15 22:29:55,296 - ⚠️ Ошибка: 'Response' object has no attribute 'adjust_for_ambient_noise'
2026-08-15 22:29:55,396 - ⚠️ Ошибка: 'Response' object has no attribute 'adjust_for_ambient_noise'
2026-08-15 22:29:55,505 - ⚠️ Ошибка: 'Response' object has no attribute 'adjust_for_ambient_noise'
2026-08-15 22:29:55,604 - ⚠️ Ошибка: 'Response' object has no attribute 'adjust_for_ambient_noise'
2026-08-15 22:29:55,717 - ⚠️ Ошибка: 'Response' object has no attribute 'adjust_for_ambient_noise'
2026-08-15 22:29:55,820 - ⚠️ Ошибка: 'Response' object has no attribute 'adjust_for_ambient_noise'
2026-08-15 22:29:55,924 - ⚠️ Ошибка: 'Response' object has no attribute 'adjust_for_ambient_noise'
2026-08-15 22:29:56,038 - ⚠️ Ошибка: 'Response' object has no attribute 'adjust_for_ambient_noise'
2026-08-15 22:29:56,153 - ⚠️ Ошибка: 'Response' object has no attribute 'adjust_for_ambient_noise'
2026-08-15 22:29:56,280 - ⚠️ Ошибка: 'Response' object has no attribute 'adjust_for_ambient_noise'
2026-08-15 22:29:56,386 - ⚠️ Ошибка: 'Response' object has no attribute 'adjust_for_ambient_noise'
2026-08-15 22:29:56,513 - ⚠️ Ошибка: 'Response' object has no attribute 'adjust_for_ambient_noise'
2026-08-15 22:29:56,625 - ⚠️ Ошибка: 'Response' object has no attribute 'adjust_for_ambient_noise'
2026-08-15 22:29:56,732 - ⚠️ Ошибка: 'Response' object has no attribute 'adjust_for_ambient_noise'
2026-08-15 22:29:56,837 - ⚠️ Ошибка: 'Response' object has no attribute 'adjust_for_ambient_noise'
2026-08-15 22:29:56,996 - ⚠️ Ошибка: 'Response' object has no attribute 'adjust_for_ambient_noise'
2026-08-15 22:29:57,120 - ⚠️ Ошибка: 'Response' object has no attribute 'adjust_for_ambient_noise'
2026-08-15 22:29:57,234 - ⚠️ Ошибка: 'Response' object has no attribute 'adjust_for_ambient_noise'
2026-08-15 22:29:57,352 - ⚠️ Ошибка: 'Response' object has no attribute 'adjust_for_ambient_noise'
2026-08-15 22:29:57,453 - ⚠️ Ошибка: 'Response' object has no attribute 'adjust_for_ambient_noise'
2026-08-15 22:29:57,570 - ⚠️ Ошибка: 'Response' object has no attribute 'adjust_for_ambient_noise'
2026-08-15 22:29:57,684 - ⚠️ Ошибка: 'Response' object has no attribute 'adjust_for_ambient_noise'
2026-08-15 22:29:57,790 - ⚠️ Ошибка: 'Response' object has no attribute 'adjust_for_ambient_noise'
2026-08-15 22:29:57,897 - ⚠️ Ошибка: 'Response' object has no attribute 'adjust_for_ambient_noise'
2026-08-15 22:29:58,005 - ⚠️ Ошибка: 'Response' object has no attribute 'adjust_for_ambient_noise'
2026-08-15 22:29:58,104 - ⚠️ Ошибка: 'Response' object has no attribute 'adjust_for_ambient_noise'
2026-08-15 22:29:58,208 - ⚠️ Ошибка: 'Response' object has no attribute 'adjust_for_ambient_noise'
2026-08-15 22:29:58,310 - ⚠️ Ошибка: 'Response' object has no attribute 'adjust_for_ambient_noise'
2026-08-15 22:29:58,408 - ⚠️ Ошибка: 'Response' object has no attribute 'adjust_for_ambient_noise'
2026-08-15 22:29:58,519 - ⚠️ Ошибка: 'Response' object has no attribute 'adjust_for_ambient_noise'
2026-08-15 22:29:58,623 - ⚠️ Ошибка: 'Response' object has no attribute 'adjust_for_ambient_noise'
2026-08-15 22:29:58,735 - ⚠️ Ошибка: 'Response' object has no attribute 'adjust_for_ambient_noise'
2026-08-15 22:29:58,856 - ⚠️ Ошибка: 'Response' object has no attribute 'adjust_for_ambient_noise'
2026-08-15 22:29:58,976 - ⚠️ Ошибка: 'Response' object has no attribute 'adjust_for_ambient_noise'
2026-08-15 22:29:59,078 - ⚠️ Ошибка: 'Response' object has no attribute 'adjust_for_ambient_noise'
2026-08-15 22:29:59,175 - ⚠️ Ошибка: 'Response' object has no attribute 'adjust_for_ambient_noise'
2026-08-15 22:29:59,286 - ⚠️ Ошибка: 'Response' object has no attribute 'adjust_for_ambient_noise'
2026-08-15 22:29:59,395 - ⚠️ Ошибка: 'Response' object has no attribute 'adjust_for_ambient_noise'
2026-08-15 22:29:59,507 - ⚠️ Ошибка: 'Response' object has no attribute 'adjust_for_ambient_noise'
2026-08-15 22:29:59,612 - ⚠️ Ошибка: 'Response' object has no attribute 'adjust_for_ambient_noise'
2026-08-15 22:29:59,731 - ⚠️ Ошибка: 'Response' object has no attribute 'adjust_for_ambient_noise'
2026-08-15 22:29:59,831 - ⚠️ Ошибка: 'Response' object has no attribute 'adjust_for_ambient_noise'
2026-08-15 22:29:59,934 - ⚠️ Ошибка: 'Response' object has no attribute 'adjust_for_ambient_noise'
2026-08-15 22:30:00,038 - ⚠️ Ошибка: 'Response' object has no attribute 'adjust_for_ambient_noise'
2026-08-15 22:30:00,149 - ⚠️ Ошибка: 'Response' object has no attribute 'adjust_for_ambient_noise'
2026-08-15 22:30:00,244 - ⚠️ Ошибка: 'Response' object has no attribute 'adjust_for_ambient_noise'
2026-08-15 22:30:00,344 - ⚠️ Ошибка: 'Response' object has no attribute 'adjust_for_ambient_noise'
2026-08-15 22:30:00,442 - ⚠️ Ошибка: 'Response' object has no attribute 'adjust_for_ambient_noise'
2026-08-15 22:30:00,541 - ⚠️ Ошибка: 'Response' object has no attribute 'adjust_for_ambient_noise'
2026-08-15 22:30:00,639 - ⚠️ Ошибка: 'Response' object has no attribute 'adjust_for_ambient_noise'
2026-08-15 22:30:00,768 - ⚠️ Ошибка: 'Response' object has no attribute 'adjust_for_ambient_noise'
2026-08-15 22:30:00,867 - ⚠️ Ошибка: 'Response' object has no attribute 'adjust_for_ambient_noise'
2026-08-15 22:30:00,963 - ⚠️ Ошибка: 'Response' object has no attribute 'adjust_for_ambient_noise'
2026-08-15 22:30:01,063 - ⚠️ Ошибка: 'Response' object has no attribute 'adjust_for_ambient_noise'
2026-08-15 22:30:01,164 - ⚠️ Ошибка: 'Response' object has no attribute 'adjust_for_ambient_noise'
2026-08-15 22:30:01,257 - ⚠️ Ошибка: 'Response' object has no attribute 'adjust_for_ambient_noise'
2026-08-15 22:30:01,357 - ⚠️ Ошибка: 'Response' object has no attribute 'adjust_for_ambient_noise'
2026-08-15 22:30:01,460 - ⚠️ Ошибка: 'Response' object has no attribute 'adjust_for_ambient_noise'
2026-08-15 22:30:01,558 - ⚠️ Ошибка: 'Response' object has no attribute 'adjust_for_ambient_noise'
2026-08-15 22:30:01,655 - ⚠️ Ошибка: 'Response' object has no attribute 'adjust_for_ambient_noise'
2026-08-15 22:30:01,754 - ⚠️ Ошибка: 'Response' object has no attribute 'adjust_for_ambient_noise'
2026-08-15 22:30:01,865 - ⚠️ Ошибка: 'Response' object has no attribute 'adjust_for_ambient_noise'
2026-08-15 22:30:01,966 - ⚠️ Ошибка: 'Response' object has no attribute 'adjust_for_ambient_noise'
2026-08-15 22:30:02,065 - ⚠️ Ошибка: 'Response' object has no attribute 'adjust_for_ambient_noise'
2026-08-15 22:30:02,182 - ⚠️ Ошибка: 'Response' object has no attribute 'adjust_for_ambient_noise'
2026-08-15 22:30:02,276 - ⚠️ Ошибка: 'Response' object has no attribute 'adjust_for_ambient_noise'
2026-08-15 22:30:02,383 - ⚠️ Ошибка: 'Response' object has no attribute 'adjust_for_ambient_noise'
2026-08-15 22:30:02,480 - ⚠️ Ошибка: 'Response' object has no attribute 'adjust_for_ambient_noise'
2026-08-15 22:30:02,576 - ⚠️ Ошибка: 'Response' object has no attribute 'adjust_for_ambient_noise'
2026-08-15 22:30:02,676 - ⚠️ Ошибка: 'Response' object has no attribute 'adjust_for_ambient_noise'
2026-08-15 22:30:02,773 - ⚠️ Ошибка: 'Response' object has no attribute 'adjust_for_ambient_noise'
2026-08-15 22:30:02,867 - ⚠️ Ошибка: 'Response' object has no attribute 'adjust_for_ambient_noise'
2026-08-15 22:30:02,964 - ⚠️ Ошибка: 'Response' object has no attribute 'adjust_for_ambient_noise'
2026-08-15 22:30:03,060 - ⚠️ Ошибка: 'Response' object has no attribute 'adjust_for_ambient_noise'
2026-08-15 22:30:03,155 - ⚠️ Ошибка: 'Response' object has no attribute 'adjust_for_ambient_noise'
2026-08-15 22:30:03,252 - ⚠️ Ошибка: 'Response' object has no attribute 'adjust_for_ambient_noise'
2026-08-15 22:30:03,347 - ⚠️ Ошибка: 'Response' object has no attribute 'adjust_for_ambient_noise'
2026-08-15 22:30:03,445 - ⚠️ Ошибка: 'Response' object has no attribute 'adjust_for_ambient_noise'
2026-08-15 22:30:03,541 - ⚠️ Ошибка: 'Response' object has no attribute 'adjust_for_ambient_noise'
2026-08-15 22:30:03,637 - ⚠️ Ошибка: 'Response' object has no attribute 'adjust_for_ambient_noise'
2026-08-15 22:30:03,746 - ⚠️ Ошибка: 'Response' object has no attribute 'adjust_for_ambient_noise'
2026-08-15 22:30:03,849 - ⚠️ Ошибка: 'Response' object has no attribute 'adjust_for_ambient_noise'
2026-08-15 22:30:03,953 - ⚠️ Ошибка: 'Response' object has no attribute 'adjust_for_ambient_noise'
2026-08-15 22:30:04,046 - ⚠️ Ошибка: 'Response' object has no attribute 'adjust_for_ambient_noise'
2026-08-15 22:30:04,141 - ⚠️ Ошибка: 'Response' object has no attribute 'adjust_for_ambient_noise'
2026-08-15 22:30:04,236 - ⚠️ Ошибка: 'Response' object has no attribute 'adjust_for_ambient_noise'
2026-08-15 22:30:04,333 - ⚠️ Ошибка: 'Response' object has no attribute 'adjust_for_ambient_noise'
2026-08-15 22:30:04,429 - ⚠️ Ошибка: 'Response' object has no attribute 'adjust_for_ambient_noise'
2026-08-15 22:30:04,560 - ⚠️ Ошибка: 'Response' object has no attribute 'adjust_for_ambient_noise'
2026-08-15 22:30:04,670 - ⚠️ Ошибка: 'Response' object has no attribute 'adjust_for_ambient_noise'
2026-08-15 22:30:04,766 - ⚠️ Ошибка: 'Response' object has no attribute 'adjust_for_ambient_noise'
2026-08-15 22:30:04,895 - ⚠️ Ошибка: 'Response' object has no attribute 'adjust_for_ambient_noise'
2026-08-15 22:30:04,991 - ⚠️ Ошибка: 'Response' object has no attribute 'adjust_for_ambient_noise'
2026-08-15 22:30:05,109 - ⚠️ Ошибка: 'Response' object has no attribute 'adjust_for_ambient_noise'
2026-08-15 22:30:05,235 - ⚠️ Ошибка: 'Response' object has no attribute 'adjust_for_ambient_noise'
2026-08-15 22:30:05,350 - ⚠️ Ошибка: 'Response' object has no attribute 'adjust_for_ambient_noise'
2026-08-15 22:30:05,463 - ⚠️ Ошибка: 'Response' object has no attribute 'adjust_for_ambient_noise'
2026-08-15 22:30:05,585 - ⚠️ Ошибка: 'Response' object has no attribute 'adjust_for_ambient_noise'
2026-08-15 22:30:05,710 - ⚠️ Ошибка: 'Response' object has no attribute 'adjust_for_ambient_noise'
2026-08-15 22:30:05,833 - ⚠️ Ошибка: 'Response' object has no attribute 'adjust_for_ambient_noise'
2026-08-15 22:30:05,950 - ⚠️ Ошибка: 'Response' object has no attribute 'adjust_for_ambient_noise'
2026-08-15 22:30:06,094 - ⚠️ Ошибка: 'Response' object has no attribute 'adjust_for_ambient_noise'
2026-08-15 22:30:06,215 - ⚠️ Ошибка: 'Response' object has no attribute 'adjust_for_ambient_noise'
2026-08-15 22:30:06,332 - ⚠️ Ошибка: 'Response' object has no attribute 'adjust_for_ambient_noise'
2026-08-15 22:30:06,447 - ⚠️ Ошибка: 'Response' object has no attribute 'adjust_for_ambient_noise'
2026-08-15 22:30:06,560 - ⚠️ Ошибка: 'Response' object has no attribute 'adjust_for_ambient_noise'
2026-08-15 22:30:06,695 - ⚠️ Ошибка: 'Response' object has no attribute 'adjust_for_ambient_noise'
2026-08-15 22:30:06,805 - ⚠️ Ошибка: 'Response' object has no attribute 'adjust_for_ambient_noise'
2026-08-15 22:30:06,912 - ⚠️ Ошибка: 'Response' object has no attribute 'adjust_for_ambient_noise'
2026-08-15 22:30:07,022 - ⚠️ Ошибка: 'Response' object has no attribute 'adjust_for_ambient_noise'
2026-08-15 22:30:07,131 - ⚠️ Ошибка: 'Response' object has no attribute 'adjust_for_ambient_noise'
2026-08-15 22:30:07,238 - ⚠️ Ошибка: 'Response' object has no attribute 'adjust_for_ambient_noise'
2026-08-15 22:30:07,348 - ⚠️ Ошибка: 'Response' object has no attribute 'adjust_for_ambient_noise'
2026-08-15 22:30:07,458 - ⚠️ Ошибка: 'Response' object has no attribute 'adjust_for_ambient_noise'
2026-08-15 22:30:07,580 - ⚠️ Ошибка: 'Response' object has no attribute 'adjust_for_ambient_noise'
2026-08-15 22:30:07,703 - ⚠️ Ошибка: 'Response' object has no attribute 'adjust_for_ambient_noise'
2026-08-15 22:30:07,819 - ⚠️ Ошибка: 'Response' object has no attribute 'adjust_for_ambient_noise'
2026-08-15 22:30:07,931 - ⚠️ Ошибка: 'Response' object has no attribute 'adjust_for_ambient_noise'
2026-08-15 22:30:08,039 - ⚠️ Ошибка: 'Response' object has no attribute 'adjust_for_ambient_noise'
2026-08-15 22:30:08,153 - ⚠️ Ошибка: 'Response' object has no attribute 'adjust_for_ambient_noise'
2026-08-15 22:30:08,265 - ⚠️ Ошибка: 'Response' object has no attribute 'adjust_for_ambient_noise'
2026-08-15 22:30:08,376 - ⚠️ Ошибка: 'Response' object has no attribute 'adjust_for_ambient_noise'
2026-08-15 22:30:08,517 - ⚠️ Ошибка: 'Response' object has no attribute 'adjust_for_ambient_noise'
2026-08-15 22:30:08,640 - ⚠️ Ошибка: 'Response' object has no attribute 'adjust_for_ambient_noise'
2026-08-15 22:30:08,755 - ⚠️ Ошибка: 'Response' object has no attribute 'adjust_for_ambient_noise'
2026-08-15 22:30:08,851 - ⚠️ Ошибка: 'Response' object has no attribute 'adjust_for_ambient_noise'
2026-08-15 22:30:08,949 - ⚠️ Ошибка: 'Response' object has no attribute 'adjust_for_ambient_noise'
2026-08-15 22:30:09,045 - ⚠️ Ошибка: 'Response' object has no attribute 'adjust_for_ambient_noise'
2026-08-15 22:30:09,140 - ⚠️ Ошибка: 'Response' object has no attribute 'adjust_for_ambient_noise'
2026-08-15 22:30:09,234 - ⚠️ Ошибка: 'Response' object has no attribute 'adjust_for_ambient_noise'
2026-08-15 22:30:09,341 - ⚠️ Ошибка: 'Response' object has no attribute 'adjust_for_ambient_noise'
2026-08-15 22:30:09,437 - ⚠️ Ошибка: 'Response' object has no attribute 'adjust_for_ambient_noise'
2026-08-15 22:30:09,532 - ⚠️ Ошибка: 'Response' object has no attribute 'adjust_for_ambient_noise'
2026-08-15 22:30:09,630 - ⚠️ Ошибка: 'Response' object has no attribute 'adjust_for_ambient_noise'
2026-08-15 22:30:09,752 - ⚠️ Ошибка: 'Response' object has no attribute 'adjust_for_ambient_noise'
2026-08-15 22:30:09,849 - ⚠️ Ошибка: 'Response' object has no attribute 'adjust_for_ambient_noise'
2026-08-15 22:30:09,945 - ⚠️ Ошибка: 'Response' object has no attribute 'adjust_for_ambient_noise'
2026-08-15 22:30:10,055 - ⚠️ Ошибка: 'Response' object has no attribute 'adjust_for_ambient_noise'
2026-08-15 22:30:10,172 - ⚠️ Ошибка: 'Response' object has no attribute 'adjust_for_ambient_noise'
2026-08-15 22:30:10,269 - ⚠️ Ошибка: 'Response' object has no attribute 'adjust_for_ambient_noise'
2026-08-15 22:30:10,399 - ⚠️ Ошибка: 'Response' object has no attribute 'adjust_for_ambient_noise'
2026-08-15 22:30:10,505 - ⚠️ Ошибка: 'Response' object has no attribute 'adjust_for_ambient_noise'
2026-08-15 22:30:10,601 - ⚠️ Ошибка: 'Response' object has no attribute 'adjust_for_ambient_noise'
2026-08-15 22:30:10,721 - ⚠️ Ошибка: 'Response' object has no attribute 'adjust_for_ambient_noise'
2026-08-15 22:30:10,824 - ⚠️ Ошибка: 'Response' object has no attribute 'adjust_for_ambient_noise'
2026-08-15 22:30:10,923 - ⚠️ Ошибка: 'Response' object has no attribute 'adjust_for_ambient_noise'
2026-08-15 22:30:11,022 - ⚠️ Ошибка: 'Response' object has no attribute 'adjust_for_ambient_noise'
2026-08-15 22:30:11,131 - ⚠️ Ошибка: 'Response' object has no attribute 'adjust_for_ambient_noise'
2026-08-15 22:30:11,227 - ⚠️ Ошибка: 'Response' object has no attribute 'adjust_for_ambient_noise'
2026-08-15 22:30:11,325 - ⚠️ Ошибка: 'Response' object has no attribute 'adjust_for_ambient_noise'
2026-08-15 22:30:11,427 - ⚠️ Ошибка: 'Response' object has no attribute 'adjust_for_ambient_noise'
2026-08-15 22:30:11,525 - ⚠️ Ошибка: 'Response' object has no attribute 'adjust_for_ambient_noise'
2026-08-15 22:30:11,624 - ⚠️ Ошибка: 'Response' object has no attribute 'adjust_for_ambient_noise'
2026-08-15 22:30:11,730 - ⚠️ Ошибка: 'Response' object has no attribute 'adjust_for_ambient_noise'
2026-08-15 22:30:11,826 - ⚠️ Ошибка: 'Response' object has no attribute 'adjust_for_ambient_noise'
2026-08-15 22:30:11,922 - ⚠️ Ошибка: 'Response' object has no attribute 'adjust_for_ambient_noise'
2026-08-15 22:30:12,018 - ⚠️ Ошибка: 'Response' object has no attribute 'adjust_for_ambient_noise'
2026-08-15 22:30:12,116 - ⚠️ Ошибка: 'Response' object has no attribute 'adjust_for_ambient_noise'
2026-08-15 22:30:12,212 - ⚠️ Ошибка: 'Response' object has no attribute 'adjust_for_ambient_noise'
2026-08-15 22:30:12,309 - ⚠️ Ошибка: 'Response' object has no attribute 'adjust_for_ambient_noise'
2026-08-15 22:30:12,408 - ⚠️ Ошибка: 'Response' object has no attribute 'adjust_for_ambient_noise'
2026-08-15 22:30:12,503 - ⚠️ Ошибка: 'Response' object has no attribute 'adjust_for_ambient_noise'
2026-08-15 22:30:12,602 - ⚠️ Ошибка: 'Response' object has no attribute 'adjust_for_ambient_noise'
2026-08-15 22:30:12,726 - ⚠️ Ошибка: 'Response' object has no attribute 'adjust_for_ambient_noise'
2026-08-15 22:30:12,830 - ⚠️ Ошибка: 'Response' object has no attribute 'adjust_for_ambient_noise'
2026-08-15 22:30:12,930 - ⚠️ Ошибка: 'Response' object has no attribute 'adjust_for_ambient_noise'
2026-08-15 22:30:13,045 - ⚠️ Ошибка: 'Response' object has no attribute 'adjust_for_ambient_noise'
2026-08-15 22:30:13,160 - ⚠️ Ошибка: 'Response' object has no attribute 'adjust_for_ambient_noise'
2026-08-15 22:30:13,265 - ⚠️ Ошибка: 'Response' object has no attribute 'adjust_for_ambient_noise'
2026-08-15 22:30:13,358 - ⚠️ Ошибка: 'Response' object has no attribute 'adjust_for_ambient_noise'
2026-08-15 22:30:13,454 - ⚠️ Ошибка: 'Response' object has no attribute 'adjust_for_ambient_noise'
2026-08-15 22:30:13,578 - ⚠️ Ошибка: 'Response' object has no attribute 'adjust_for_ambient_noise'
2026-08-15 22:30:13,717 - ⚠️ Ошибка: 'Response' object has no attribute 'adjust_for_ambient_noise'
2026-08-15 22:30:13,819 - ⚠️ Ошибка: 'Response' object has no attribute 'adjust_for_ambient_noise'
2026-08-15 22:30:13,920 - ⚠️ Ошибка: 'Response' object has no attribute 'adjust_for_ambient_noise'
2026-08-15 22:30:14,026 - ⚠️ Ошибка: 'Response' object has no attribute 'adjust_for_ambient_noise'
2026-08-15 22:30:14,153 - ⚠️ Ошибка: 'Response' object has no attribute 'adjust_for_ambient_noise'
2026-08-15 22:30:14,251 - ⚠️ Ошибка: 'Response' object has no attribute 'adjust_for_ambient_noise'
2026-08-15 22:30:14,359 - ⚠️ Ошибка: 'Response' object has no attribute 'adjust_for_ambient_noise'
2026-08-15 22:30:14,456 - ⚠️ Ошибка: 'Response' object has no attribute 'adjust_for_ambient_noise'
2026-08-15 22:30:14,555 - ⚠️ Ошибка: 'Response' object has no attribute 'adjust_for_ambient_noise'
2026-08-15 22:30:14,678 - ⚠️ Ошибка: 'Response' object has no attribute 'adjust_for_ambient_noise'
2026-08-15 22:30:14,774 - ⚠️ Ошибка: 'Response' object has no attribute 'adjust_for_ambient_noise'
2026-08-15 22:30:14,917 - ⚠️ Ошибка: 'Response' object has no attribute 'adjust_for_ambient_noise'
2026-08-15 22:30:15,018 - ⚠️ Ошибка: 'Response' object has no attribute 'adjust_for_ambient_noise'
2026-08-15 22:30:15,124 - ⚠️ Ошибка: 'Response' object has no attribute 'adjust_for_ambient_noise'
2026-08-15 22:30:15,221 - ⚠️ Ошибка: 'Response' object has no attribute 'adjust_for_ambient_noise'
2026-08-15 22:30:15,317 - ⚠️ Ошибка: 'Response' object has no attribute 'adjust_for_ambient_noise'
2026-08-15 22:30:15,413 - ⚠️ Ошибка: 'Response' object has no attribute 'adjust_for_ambient_noise'
2026-08-15 22:30:15,513 - ⚠️ Ошибка: 'Response' object has no attribute 'adjust_for_ambient_noise'
2026-08-15 22:30:15,616 - ⚠️ Ошибка: 'Response' object has no attribute 'adjust_for_ambient_noise'
2026-08-15 22:30:15,756 - ⚠️ Ошибка: 'Response' object has no attribute 'adjust_for_ambient_noise'
2026-08-15 22:30:15,854 - ⚠️ Ошибка: 'Response' object has no attribute 'adjust_for_ambient_noise'
2026-08-15 22:30:15,949 - ⚠️ Ошибка: 'Response' object has no attribute 'adjust_for_ambient_noise'
2026-08-15 22:30:16,057 - ⚠️ Ошибка: 'Response' object has no attribute 'adjust_for_ambient_noise'
2026-08-15 22:30:16,162 - ⚠️ Ошибка: 'Response' object has no attribute 'adjust_for_ambient_noise'
2026-08-15 22:30:16,263 - ⚠️ Ошибка: 'Response' object has no attribute 'adjust_for_ambient_noise'
2026-08-15 22:30:16,385 - ⚠️ Ошибка: 'Response' object has no attribute 'adjust_for_ambient_noise'
2026-08-15 22:30:16,478 - ⚠️ Ошибка: 'Response' object has no attribute 'adjust_for_ambient_noise'
2026-08-15 22:30:16,604 - ⚠️ Ошибка: 'Response' object has no attribute 'adjust_for_ambient_noise'
2026-08-15 22:30:16,744 - ⚠️ Ошибка: 'Response' object has no attribute 'adjust_for_ambient_noise'
2026-08-15 22:30:16,838 - ⚠️ Ошибка: 'Response' object has no attribute 'adjust_for_ambient_noise'
2026-08-15 22:30:16,939 - ⚠️ Ошибка: 'Response' object has no attribute 'adjust_for_ambient_noise'
2026-08-15 22:30:17,047 - ⚠️ Ошибка: 'Response' object has no attribute 'adjust_for_ambient_noise'
2026-08-15 22:30:17,148 - ⚠️ Ошибка: 'Response' object has no attribute 'adjust_for_ambient_noise'
2026-08-15 22:30:17,273 - ⚠️ Ошибка: 'Response' object has no attribute 'adjust_for_ambient_noise'
2026-08-15 22:30:17,408 - ⚠️ Ошибка: 'Response' object has no attribute 'adjust_for_ambient_noise'
2026-08-15 22:30:17,506 - ⚠️ Ошибка: 'Response' object has no attribute 'adjust_for_ambient_noise'
2026-08-15 22:30:17,621 - ⚠️ Ошибка: 'Response' object has no attribute 'adjust_for_ambient_noise'
2026-08-15 22:30:17,732 - ⚠️ Ошибка: 'Response' object has no attribute 'adjust_for_ambient_noise'
2026-08-15 22:30:17,831 - ⚠️ Ошибка: 'Response' object has no attribute 'adjust_for_ambient_noise'
2026-08-15 22:30:17,934 - ⚠️ Ошибка: 'Response' object has no attribute 'adjust_for_ambient_noise'
2026-08-15 22:30:18,032 - ⚠️ Ошибка: 'Response' object has no attribute 'adjust_for_ambient_noise'
2026-08-15 22:30:18,141 - ⚠️ Ошибка: 'Response' object has no attribute 'adjust_for_ambient_noise'
2026-08-15 22:30:18,246 - ⚠️ Ошибка: 'Response' object has no attribute 'adjust_for_ambient_noise'
2026-08-15 22:30:18,345 - ⚠️ Ошибка: 'Response' object has no attribute 'adjust_for_ambient_noise'
2026-08-15 22:30:18,452 - ⚠️ Ошибка: 'Response' object has no attribute 'adjust_for_ambient_noise'
2026-08-15 22:30:18,560 - ⚠️ Ошибка: 'Response' object has no attribute 'adjust_for_ambient_noise'
2026-08-15 22:30:18,680 - ⚠️ Ошибка: 'Response' object has no attribute 'adjust_for_ambient_noise'
2026-08-15 22:30:18,790 - ⚠️ Ошибка: 'Response' object has no attribute 'adjust_for_ambient_noise'
2026-08-15 22:30:18,901 - ⚠️ Ошибка: 'Response' object has no attribute 'adjust_for_ambient_noise'
2026-08-15 22:30:19,012 - ⚠️ Ошибка: 'Response' object has no attribute 'adjust_for_ambient_noise'
2026-08-15 22:30:19,124 - ⚠️ Ошибка: 'Response' object has no attribute 'adjust_for_ambient_noise'
2026-08-15 22:30:19,261 - ⚠️ Ошибка: 'Response' object has no attribute 'adjust_for_ambient_noise'
2026-08-15 22:30:19,371 - ⚠️ Ошибка: 'Response' object has no attribute 'adjust_for_ambient_noise'
2026-08-15 22:30:19,481 - ⚠️ Ошибка: 'Response' object has no attribute 'adjust_for_ambient_noise'
2026-08-15 22:30:19,591 - ⚠️ Ошибка: 'Response' object has no attribute 'adjust_for_ambient_noise'
2026-08-15 22:30:19,718 - ⚠️ Ошибка: 'Response' object has no attribute 'adjust_for_ambient_noise'
2026-08-15 22:30:19,834 - ⚠️ Ошибка: 'Response' object has no attribute 'adjust_for_ambient_noise'
2026-08-15 22:30:19,946 - ⚠️ Ошибка: 'Response' object has no attribute 'adjust_for_ambient_noise'
2026-08-15 22:30:20,059 - ⚠️ Ошибка: 'Response' object has no attribute 'adjust_for_ambient_noise'
2026-08-15 22:30:20,178 - ⚠️ Ошибка: 'Response' object has no attribute 'adjust_for_ambient_noise'
2026-08-15 22:30:20,290 - ⚠️ Ошибка: 'Response' object has no attribute 'adjust_for_ambient_noise'
2026-08-15 22:30:20,398 - ⚠️ Ошибка: 'Response' object has no attribute 'adjust_for_ambient_noise'
2026-08-15 22:30:20,509 - ⚠️ Ошибка: 'Response' object has no attribute 'adjust_for_ambient_noise'
2026-08-15 22:30:20,620 - ⚠️ Ошибка: 'Response' object has no attribute 'adjust_for_ambient_noise'
2026-08-15 22:30:20,741 - ⚠️ Ошибка: 'Response' object has no attribute 'adjust_for_ambient_noise'
2026-08-15 22:30:20,850 - ⚠️ Ошибка: 'Response' object has no attribute 'adjust_for_ambient_noise'
2026-08-15 22:30:20,962 - ⚠️ Ошибка: 'Response' object has no attribute 'adjust_for_ambient_noise'
2026-08-15 22:30:21,076 - ⚠️ Ошибка: 'Response' object has no attribute 'adjust_for_ambient_noise'
2026-08-15 22:30:21,193 - ⚠️ Ошибка: 'Response' object has no attribute 'adjust_for_ambient_noise'
2026-08-15 22:30:21,301 - ⚠️ Ошибка: 'Response' object has no attribute 'adjust_for_ambient_noise'
2026-08-15 22:30:21,412 - ⚠️ Ошибка: 'Response' object has no attribute 'adjust_for_ambient_noise'
2026-08-15 22:30:21,532 - ⚠️ Ошибка: 'Response' object has no attribute 'adjust_for_ambient_noise'
2026-08-15 22:30:21,649 - ⚠️ Ошибка: 'Response' object has no attribute 'adjust_for_ambient_noise'
2026-08-15 22:30:21,768 - ⚠️ Ошибка: 'Response' object has no attribute 'adjust_for_ambient_noise'
2026-08-15 22:30:21,890 - ⚠️ Ошибка: 'Response' object has no attribute 'adjust_for_ambient_noise'
2026-08-15 22:30:22,002 - ⚠️ Ошибка: 'Response' object has no attribute 'adjust_for_ambient_noise'
2026-08-15 22:30:22,101 - ⚠️ Ошибка: 'Response' object has no attribute 'adjust_for_ambient_noise'
2026-08-15 22:30:22,214 - ⚠️ Ошибка: 'Response' object has no attribute 'adjust_for_ambient_noise'
2026-08-15 22:30:22,322 - ⚠️ Ошибка: 'Response' object has no attribute 'adjust_for_ambient_noise'
2026-08-15 22:30:22,425 - ⚠️ Ошибка: 'Response' object has no attribute 'adjust_for_ambient_noise'
2026-08-15 22:30:22,526 - ⚠️ Ошибка: 'Response' object has no attribute 'adjust_for_ambient_noise'
2026-08-15 22:30:22,625 - ⚠️ Ошибка: 'Response' object has no attribute 'adjust_for_ambient_noise'
2026-08-15 22:30:22,727 - ⚠️ Ошибка: 'Response' object has no attribute 'adjust_for_ambient_noise'
2026-08-15 22:30:22,829 - ⚠️ Ошибка: 'Response' object has no attribute 'adjust_for_ambient_noise'
2026-08-15 22:30:22,926 - ⚠️ Ошибка: 'Response' object has no attribute 'adjust_for_ambient_noise'
2026-08-15 22:30:23,025 - ⚠️ Ошибка: 'Response' object has no attribute 'adjust_for_ambient_noise'
2026-08-15 22:30:23,124 - ⚠️ Ошибка: 'Response' object has no attribute 'adjust_for_ambient_noise'
2026-08-15 22:30:23,229 - ⚠️ Ошибка: 'Response' object has no attribute 'adjust_for_ambient_noise'
2026-08-15 22:30:23,330 - ⚠️ Ошибка: 'Response' object has no attribute 'adjust_for_ambient_noise'
2026-08-15 22:30:23,432 - ⚠️ Ошибка: 'Response' object has no attribute 'adjust_for_ambient_noise'
2026-08-15 22:30:23,547 - ⚠️ Ошибка: 'Response' object has no attribute 'adjust_for_ambient_noise'
2026-08-15 22:30:23,659 - ⚠️ Ошибка: 'Response' object has no attribute 'adjust_for_ambient_noise'
2026-08-15 22:30:23,761 - ⚠️ Ошибка: 'Response' object has no attribute 'adjust_for_ambient_noise'
2026-08-15 22:30:23,859 - ⚠️ Ошибка: 'Response' object has no attribute 'adjust_for_ambient_noise'
2026-08-15 22:30:23,958 - ⚠️ Ошибка: 'Response' object has no attribute 'adjust_for_ambient_noise'
2026-08-15 22:30:24,056 - ⚠️ Ошибка: 'Response' object has no attribute 'adjust_for_ambient_noise'
2026-08-15 22:30:24,156 - ⚠️ Ошибка: 'Response' object has no attribute 'adjust_for_ambient_noise'
2026-08-15 22:30:24,253 - ⚠️ Ошибка: 'Response' object has no attribute 'adjust_for_ambient_noise'
2026-08-15 22:30:24,352 - ⚠️ Ошибка: 'Response' object has no attribute 'adjust_for_ambient_noise'
2026-08-15 22:30:24,451 - ⚠️ Ошибка: 'Response' object has no attribute 'adjust_for_ambient_noise'
2026-08-15 22:30:24,551 - ⚠️ Ошибка: 'Response' object has no attribute 'adjust_for_ambient_noise'
2026-08-15 22:30:24,653 - ⚠️ Ошибка: 'Response' object has no attribute 'adjust_for_ambient_noise'
2026-08-15 22:30:24,755 - ⚠️ Ошибка: 'Response' object has no attribute 'adjust_for_ambient_noise'
2026-08-15 22:30:24,851 - ⚠️ Ошибка: 'Response' object has no attribute 'adjust_for_ambient_noise'
2026-08-15 22:30:24,948 - ⚠️ Ошибка: 'Response' object has no attribute 'adjust_for_ambient_noise'
2026-08-15 22:30:25,047 - ⚠️ Ошибка: 'Response' object has no attribute 'adjust_for_ambient_noise'
2026-08-15 22:30:25,141 - ⚠️ Ошибка: 'Response' object has no attribute 'adjust_for_ambient_noise'
2026-08-15 22:30:25,237 - ⚠️ Ошибка: 'Response' object has no attribute 'adjust_for_ambient_noise'
2026-08-15 22:30:25,332 - ⚠️ Ошибка: 'Response' object has no attribute 'adjust_for_ambient_noise'
2026-08-15 22:30:25,455 - ⚠️ Ошибка: 'Response' object has no attribute 'adjust_for_ambient_noise'
2026-08-15 22:30:25,554 - ⚠️ Ошибка: 'Response' object has no attribute 'adjust_for_ambient_noise'
2026-08-15 22:30:25,654 - ⚠️ Ошибка: 'Response' object has no attribute 'adjust_for_ambient_noise'
2026-08-15 22:30:25,754 - ⚠️ Ошибка: 'Response' object has no attribute 'adjust_for_ambient_noise'
2026-08-15 22:30:25,861 - ⚠️ Ошибка: 'Response' object has no attribute 'adjust_for_ambient_noise'
2026-08-15 22:30:25,983 - ⚠️ Ошибка: 'Response' object has no attribute 'adjust_for_ambient_noise'
2026-08-15 22:30:26,100 - ⚠️ Ошибка: 'Response' object has no attribute 'adjust_for_ambient_noise'
2026-08-15 22:30:26,200 - ⚠️ Ошибка: 'Response' object has no attribute 'adjust_for_ambient_noise'
2026-08-15 22:30:26,296 - ⚠️ Ошибка: 'Response' object has no attribute 'adjust_for_ambient_noise'
2026-08-15 22:30:26,397 - ⚠️ Ошибка: 'Response' object has no attribute 'adjust_for_ambient_noise'
2026-08-15 22:30:26,512 - ⚠️ Ошибка: 'Response' object has no attribute 'adjust_for_ambient_noise'
2026-08-15 22:30:26,615 - ⚠️ Ошибка: 'Response' object has no attribute 'adjust_for_ambient_noise'
2026-08-15 22:30:26,714 - ⚠️ Ошибка: 'Response' object has no attribute 'adjust_for_ambient_noise'
2026-08-15 22:30:26,814 - ⚠️ Ошибка: 'Response' object has no attribute 'adjust_for_ambient_noise'
2026-08-15 22:30:26,911 - ⚠️ Ошибка: 'Response' object has no attribute 'adjust_for_ambient_noise'
2026-08-15 22:30:27,009 - ⚠️ Ошибка: 'Response' object has no attribute 'adjust_for_ambient_noise'
2026-08-15 22:30:27,106 - ⚠️ Ошибка: 'Response' object has no attribute 'adjust_for_ambient_noise'
2026-08-15 22:30:27,216 - ⚠️ Ошибка: 'Response' object has no attribute 'adjust_for_ambient_noise'
2026-08-15 22:30:27,346 - ⚠️ Ошибка: 'Response' object has no attribute 'adjust_for_ambient_noise'
2026-08-15 22:30:27,446 - ⚠️ Ошибка: 'Response' object has no attribute 'adjust_for_ambient_noise'
2026-08-15 22:30:27,544 - ⚠️ Ошибка: 'Response' object has no attribute 'adjust_for_ambient_noise'
2026-08-15 22:30:27,642 - ⚠️ Ошибка: 'Response' object has no attribute 'adjust_for_ambient_noise'
2026-08-15 22:30:27,743 - ⚠️ Ошибка: 'Response' object has no attribute 'adjust_for_ambient_noise'
2026-08-15 22:30:27,839 - ⚠️ Ошибка: 'Response' object has no attribute 'adjust_for_ambient_noise'
2026-08-15 22:30:27,935 - ⚠️ Ошибка: 'Response' object has no attribute 'adjust_for_ambient_noise'
2026-08-15 22:30:28,035 - ⚠️ Ошибка: 'Response' object has no attribute 'adjust_for_ambient_noise'
2026-08-15 22:30:28,148 - ⚠️ Ошибка: 'Response' object has no attribute 'adjust_for_ambient_noise'
2026-08-15 22:30:28,261 - ⚠️ Ошибка: 'Response' object has no attribute 'adjust_for_ambient_noise'
2026-08-15 22:30:28,369 - ⚠️ Ошибка: 'Response' object has no attribute 'adjust_for_ambient_noise'
2026-08-15 22:30:28,480 - ⚠️ Ошибка: 'Response' object has no attribute 'adjust_for_ambient_noise'
2026-08-15 22:30:28,597 - ⚠️ Ошибка: 'Response' object has no attribute 'adjust_for_ambient_noise'
2026-08-15 22:30:28,714 - ⚠️ Ошибка: 'Response' object has no attribute 'adjust_for_ambient_noise'
2026-08-15 22:30:28,824 - ⚠️ Ошибка: 'Response' object has no attribute 'adjust_for_ambient_noise'
2026-08-15 22:30:28,932 - ⚠️ Ошибка: 'Response' object has no attribute 'adjust_for_ambient_noise'
2026-08-15 22:30:29,037 - ⚠️ Ошибка: 'Response' object has no attribute 'adjust_for_ambient_noise'
2026-08-15 22:30:29,142 - ⚠️ Ошибка: 'Response' object has no attribute 'adjust_for_ambient_noise'
2026-08-15 22:30:29,244 - ⚠️ Ошибка: 'Response' object has no attribute 'adjust_for_ambient_noise'
2026-08-15 22:30:29,347 - ⚠️ Ошибка: 'Response' object has no attribute 'adjust_for_ambient_noise'
2026-08-15 22:30:29,453 - ⚠️ Ошибка: 'Response' object has no attribute 'adjust_for_ambient_noise'
2026-08-15 22:30:29,558 - ⚠️ Ошибка: 'Response' object has no attribute 'adjust_for_ambient_noise'
2026-08-15 22:30:29,660 - ⚠️ Ошибка: 'Response' object has no attribute 'adjust_for_ambient_noise'
2026-08-15 22:30:29,764 - ⚠️ Ошибка: 'Response' object has no attribute 'adjust_for_ambient_noise'
2026-08-15 22:30:29,878 - ⚠️ Ошибка: 'Response' object has no attribute 'adjust_for_ambient_noise'
2026-08-15 22:30:29,997 - ⚠️ Ошибка: 'Response' object has no attribute 'adjust_for_ambient_noise'
2026-08-15 22:30:30,099 - ⚠️ Ошибка: 'Response' object has no attribute 'adjust_for_ambient_noise'
2026-08-15 22:30:30,194 - ⚠️ Ошибка: 'Response' object has no attribute 'adjust_for_ambient_noise'
2026-08-15 22:30:30,289 - ⚠️ Ошибка: 'Response' object has no attribute 'adjust_for_ambient_noise'
2026-08-15 22:30:30,407 - ⚠️ Ошибка: 'Response' object has no attribute 'adjust_for_ambient_noise'
2026-08-15 22:30:30,502 - ⚠️ Ошибка: 'Response' object has no attribute 'adjust_for_ambient_noise'
2026-08-15 22:30:30,614 - ⚠️ Ошибка: 'Response' object has no attribute 'adjust_for_ambient_noise'
2026-08-15 22:30:30,714 - ⚠️ Ошибка: 'Response' object has no attribute 'adjust_for_ambient_noise'
2026-08-15 22:30:30,816 - ⚠️ Ошибка: 'Response' object has no attribute 'adjust_for_ambient_noise'
2026-08-15 22:30:30,934 - ⚠️ Ошибка: 'Response' object has no attribute 'adjust_for_ambient_noise'
2026-08-15 22:30:31,035 - ⚠️ Ошибка: 'Response' object has no attribute 'adjust_for_ambient_noise'
2026-08-15 22:30:31,143 - ⚠️ Ошибка: 'Response' object has no attribute 'adjust_for_ambient_noise'
2026-08-15 22:30:31,245 - ⚠️ Ошибка: 'Response' object has no attribute 'adjust_for_ambient_noise'
2026-08-15 22:30:31,347 - ⚠️ Ошибка: 'Response' object has no attribute 'adjust_for_ambient_noise'
2026-08-15 22:30:31,449 - ⚠️ Ошибка: 'Response' object has no attribute 'adjust_for_ambient_noise'
2026-08-15 22:30:31,549 - ⚠️ Ошибка: 'Response' object has no attribute 'adjust_for_ambient_noise'
2026-08-15 22:30:31,666 - ⚠️ Ошибка: 'Response' object has no attribute 'adjust_for_ambient_noise'
2026-08-15 22:30:31,789 - ⚠️ Ошибка: 'Response' object has no attribute 'adjust_for_ambient_noise'
2026-08-15 22:30:31,889 - ⚠️ Ошибка: 'Response' object has no attribute 'adjust_for_ambient_noise'
2026-08-15 22:30:32,012 - ⚠️ Ошибка: 'Response' object has no attribute 'adjust_for_ambient_noise'
2026-08-15 22:30:32,111 - ⚠️ Ошибка: 'Response' object has no attribute 'adjust_for_ambient_noise'
2026-08-15 22:30:32,229 - ⚠️ Ошибка: 'Response' object has no attribute 'adjust_for_ambient_noise'
2026-08-15 22:30:32,340 - ⚠️ Ошибка: 'Response' object has no attribute 'adjust_for_ambient_noise'
2026-08-15 22:30:32,467 - ⚠️ Ошибка: 'Response' object has no attribute 'adjust_for_ambient_noise'
2026-08-15 22:30:32,567 - ⚠️ Ошибка: 'Response' object has no attribute 'adjust_for_ambient_noise'
2026-08-15 22:30:32,678 - ⚠️ Ошибка: 'Response' object has no attribute 'adjust_for_ambient_noise'
2026-08-15 22:30:32,779 - ⚠️ Ошибка: 'Response' object has no attribute 'adjust_for_ambient_noise'
2026-08-15 22:30:32,892 - ⚠️ Ошибка: 'Response' object has no attribute 'adjust_for_ambient_noise'
2026-08-15 22:30:33,006 - ⚠️ Ошибка: 'Response' object has no attribute 'adjust_for_ambient_noise'
2026-08-15 22:30:33,124 - ⚠️ Ошибка: 'Response' object has no attribute 'adjust_for_ambient_noise'
2026-08-15 22:30:33,230 - ⚠️ Ошибка: 'Response' object has no attribute 'adjust_for_ambient_noise'
2026-08-15 22:30:33,331 - ⚠️ Ошибка: 'Response' object has no attribute 'adjust_for_ambient_noise'
2026-08-15 22:30:39,914 - 🧠 Загружено 0 фактов
2026-08-15 22:30:39,914 - ==================================================
2026-08-15 22:30:39,914 - 🌟 АУРА — Всегда слушает
2026-08-15 22:30:39,914 - 📝 'сколько времени'
2026-08-15 22:30:39,914 - 🎵 'включи музыку'
2026-08-15 22:30:39,914 - ==================================================
2026-08-15 22:30:39,914 - 🎤 АУРА всегда слушает...
2026-08-15 22:30:43,504 - 🧠 Модель загружена
2026-08-15 22:30:47,955 - 🎤 Распознано: 'squats времени'
2026-08-15 22:30:52,223 - 🌟 I apologize, but I'm not entirely sure what you're asking for with "squats времени". Could you please provide more context or clarify your question? Are you asking about the time it takes to do squats, or perhaps something else related to squats and time? The more details you can give me, the better I'll be able to assist you.
2026-08-15 22:31:33,425 - 🎤 Распознано: 'Замечная справа-дежока с нейiezотальными семьи частью.'
2026-08-15 22:31:36,516 - 🌟 Извините, но я не могу понять ваше сообщение. Это похоже на текст на одном из языков, которые я не распознаю или не поддерживаю. Могу ли вы перефразировать вопрос или запрос на русском языке? Я буду рад помочь, если вы мне дадите больше информации или зададите вопрос снова.
2026-08-15 22:32:11,004 - 🎤 Распознано: 'нет не fertilizer However'
2026-08-15 22:32:11,005 - ⚠️ Ошибка LLM: HTTPConnectionPool(host='localhost', port=11434): Max retries exceeded with url: /api/generate (Caused by NewConnectionError("HTTPConnection(host='localhost', port=11434): Failed to establish a new connection: [Errno 111] Connection refused"))
2026-08-15 22:32:18,336 - 🎤 Распознано: 'И над Sugarmon없а позiłorer выческой промышленности. Занр nunuelle заребля mouths сutil,因为 что рожд characям切шов,umbledore interface и rectified в рюгонский Bluetooth Е. Апортные смешения TWS'
2026-08-15 22:32:18,337 - ⚠️ Ошибка LLM: HTTPConnectionPool(host='localhost', port=11434): Max retries exceeded with url: /api/generate (Caused by NewConnectionError("HTTPConnection(host='localhost', port=11434): Failed to establish a new connection: [Errno 111] Connection refused"))
2026-08-15 22:32:32,804 - 🎤 Распознано: 'А вот сколько времени.'
2026-08-15 22:32:32,804 - 🌟 Сейчас 22:32, Суббота 15 августа 2026 года. Часовой пояс: MSK
2026-08-15 22:32:49,223 - 🎤 Распознано: 'с горкавремени.'
2026-08-15 22:32:49,224 - ⚠️ Ошибка LLM: HTTPConnectionPool(host='localhost', port=11434): Max retries exceeded with url: /api/generate (Caused by NewConnectionError("HTTPConnection(host='localhost', port=11434): Failed to establish a new connection: [Errno 111] Connection refused"))
2026-08-15 22:32:58,513 - 🎤 Распознано: 'А у inspiringц самого'
2026-08-15 22:32:58,514 - ⚠️ Ошибка LLM: HTTPConnectionPool(host='localhost', port=11434): Max retries exceeded with url: /api/generate (Caused by NewConnectionError("HTTPConnection(host='localhost', port=11434): Failed to establish a new connection: [Errno 111] Connection refused"))
2026-08-15 22:33:22,963 - 🧠 Загружено 0 фактов
2026-08-15 22:33:22,964 - ==================================================
2026-08-15 22:33:22,964 - 🌟 АУРА с Whisper large на GPU
2026-08-15 22:33:22,964 - 📝 'сколько времени'
2026-08-15 22:33:22,964 - 🎵 'включи музыку'
2026-08-15 22:33:22,964 - ==================================================
2026-08-15 22:33:22,964 - 🎤 АУРА (large GPU) запущена...
2026-08-15 22:33:23,864 - 🎤 Слушаю...
2026-08-15 22:36:35,760 - 🧠 Загружено 0 фактов
2026-08-15 22:36:35,761 - ==================================================
2026-08-15 22:36:35,761 - 🌟 АУРА с Whisper large на GPU
2026-08-15 22:36:35,761 - 📝 'сколько времени'
2026-08-15 22:36:35,761 - 🎵 'включи музыку'
2026-08-15 22:36:35,761 - ==================================================
2026-08-15 22:36:35,761 - 🎤 АУРА (large GPU) запущена...
2026-08-15 22:36:36,779 - 🎤 Слушаю...
2026-08-15 22:36:56,088 - ⚠️ Ошибка: CUDA out of memory. Tried to allocate 20.00 MiB. GPU 0 has a total capacity of 7.92 GiB of which 4.81 MiB is free. Including non-PyTorch memory, this process has 7.91 GiB memory in use. Of the allocated memory 7.45 GiB is allocated by PyTorch, and 364.27 MiB is reserved by PyTorch but unallocated. If reserved but unallocated memory is large try setting PYTORCH_CUDA_ALLOC_CONF=expandable_segments:True to avoid fragmentation.  See documentation for Memory Management  (https://pytorch.org/docs/stable/notes/cuda.html#environment-variables)
2026-08-15 22:36:57,127 - 🎤 Слушаю...
2026-08-15 22:37:15,161 - ⚠️ Ошибка: CUDA out of memory. Tried to allocate 20.00 MiB. GPU 0 has a total capacity of 7.92 GiB of which 4.81 MiB is free. Including non-PyTorch memory, this process has 7.91 GiB memory in use. Of the allocated memory 7.45 GiB is allocated by PyTorch, and 364.27 MiB is reserved by PyTorch but unallocated. If reserved but unallocated memory is large try setting PYTORCH_CUDA_ALLOC_CONF=expandable_segments:True to avoid fragmentation.  See documentation for Memory Management  (https://pytorch.org/docs/stable/notes/cuda.html#environment-variables)
2026-08-15 22:37:16,393 - 🎤 Слушаю...
2026-08-15 22:37:18,383 - 
👋 До свидания, Создатель!
2026-08-15 22:38:15,054 - 🧠 Загружено 0 фактов
2026-08-15 22:38:15,055 - ==================================================
2026-08-15 22:38:15,055 - 🌟 АУРА с Whisper large на GPU
2026-08-15 22:38:15,055 - 📝 'сколько времени'
2026-08-15 22:38:15,055 - 🎵 'включи музыку'
2026-08-15 22:38:15,055 - ==================================================
2026-08-15 22:38:15,055 - 🎤 АУРА (large GPU) запущена...
2026-08-15 22:38:15,762 - 🎤 Слушаю...
2026-08-15 22:38:27,739 - 🧠 Модель large загружена на GPU
2026-08-15 22:38:28,675 - 🎤 Распознано: 'А у расколеха времени?'
2026-08-15 22:38:28,677 - ⚠️ Ошибка LLM: HTTPConnectionPool(host='localhost', port=11434): Max retries exceeded with url: /api/generate (Caused by NewConnectionError("HTTPConnection(host='localhost', port=11434): Failed to establish a new connection: [Errno 111] Connection refused"))
2026-08-15 22:38:31,605 - 🎤 Слушаю...
2026-08-15 22:38:33,911 - 🎤 Распознано: 'Взбодка времени.'
2026-08-15 22:38:33,912 - ⚠️ Ошибка LLM: HTTPConnectionPool(host='localhost', port=11434): Max retries exceeded with url: /api/generate (Caused by NewConnectionError("HTTPConnection(host='localhost', port=11434): Failed to establish a new connection: [Errno 111] Connection refused"))
2026-08-15 22:38:36,777 - 🎤 Слушаю...
2026-08-15 22:38:38,425 - 
👋 До свидания, Создатель!
2026-08-15 22:39:35,457 - 🧠 Загружено 0 фактов
2026-08-15 22:39:35,458 - ==================================================
2026-08-15 22:39:35,458 - 🌟 АУРА с Whisper large на GPU
2026-08-15 22:39:35,458 - 📝 'сколько времени'
2026-08-15 22:39:35,458 - 🎵 'включи музыку'
2026-08-15 22:39:35,458 - ==================================================
2026-08-15 22:39:35,458 - 🎤 АУРА (large GPU) запущена...
2026-08-15 22:39:36,414 - 🎤 Слушаю...
2026-08-15 22:39:47,926 - 🧠 Модель large загружена на GPU
2026-08-15 22:39:48,803 - 🎤 Распознано: 'Сколько времени?'
2026-08-15 22:39:48,803 - 🌟 Сейчас 22:39, Суббота 15 августа 2026 года. Часовой пояс: MSK
2026-08-15 22:40:01,982 - 🎤 Слушаю...
2026-08-15 22:40:07,682 - 🎤 Слушаю...
2026-08-15 22:40:15,177 - 🎤 Распознано: 'Жодalah'
2026-08-15 22:40:22,189 - 🌟 I'm sorry, but I don't understand what you're trying to communicate. The text "Жодalah" doesn't appear to be in a language I recognize. Could you please provide more context or clarify your question?
2026-08-15 22:40:44,190 - 🎤 Слушаю...
2026-08-15 22:40:46,695 - 
👋 До свидания, Создатель!
2026-08-15 22:50:14,641 - 🧠 Загружено 0 фактов
2026-08-15 22:50:14,641 - ==================================================
2026-08-15 22:50:14,641 - 🌟 АУРА ФИНАЛ — ВСЕ ФУНКЦИИ В ОДНОМ
2026-08-15 22:50:14,641 - 🌐 Управление браузером
2026-08-15 22:50:14,641 - 🎵 Музыка
2026-08-15 22:50:14,641 - 🧠 Память
2026-08-15 22:50:14,641 - 🕐 Время и погода
2026-08-15 22:50:14,641 - 🖥️ Управление системой
2026-08-15 22:50:14,641 - ==================================================
2026-08-15 22:50:14,641 - 🌟 АУРА ФИНАЛ запущена!
2026-08-15 22:50:15,624 - 🎤 Слушаю...
2026-08-15 22:50:27,372 - 🧠 Модель загружена на GPU
2026-08-15 22:50:28,345 - 🎤 Распознано: 'Аура, отправи браузер.'
2026-08-15 22:50:38,357 - ⚠️ Ошибка LLM: HTTPConnectionPool(host='localhost', port=11434): Read timed out. (read timeout=10)
2026-08-15 22:50:41,214 - 🎤 Слушаю...
2026-08-15 23:11:26,447 - 🧠 Загружено 0 фактов
2026-08-15 23:11:26,447 - ==================================================
2026-08-15 23:11:26,447 - 🌟 АУРА с faster-whisper
2026-08-15 23:11:26,447 - 🌐 Управление браузером
2026-08-15 23:11:26,447 - 🎵 Музыка
2026-08-15 23:11:26,447 - 🧠 Память
2026-08-15 23:11:26,447 - 🕐 Время и погода
2026-08-15 23:11:26,447 - ==================================================
2026-08-15 23:11:26,447 - 🧠 Загрузка faster-whisper...
2026-08-15 23:11:27,096 - HTTP Request: GET https://huggingface.co/api/models/Systran/faster-whisper-medium/revision/main "HTTP/1.1 200 OK"
2026-08-15 23:21:33,806 - 🧠 Загружено 0 фактов
2026-08-15 23:21:33,806 - ==================================================
2026-08-15 23:21:33,807 - 🌟 АУРА с faster-whisper
2026-08-15 23:21:33,807 - 🌐 Управление браузером
2026-08-15 23:21:33,807 - 🎵 Музыка
2026-08-15 23:21:33,807 - 🧠 Память
2026-08-15 23:21:33,807 - 🕐 Время и погода
2026-08-15 23:21:33,807 - ==================================================
2026-08-15 23:21:33,807 - 🧠 Загрузка faster-whisper...
2026-08-15 23:21:36,478 - HTTP Request: GET https://huggingface.co/api/models/Systran/faster-whisper-medium/revision/main "HTTP/1.1 200 OK"
2026-08-15 23:29:18,793 - 🧠 Загружено 0 фактов
2026-08-15 23:29:18,793 - ==================================================
2026-08-15 23:29:18,793 - 🌟 АУРА с faster-whisper
2026-08-15 23:29:18,793 - 🌐 Управление браузером
2026-08-15 23:29:18,793 - 🎵 Музыка
2026-08-15 23:29:18,793 - 🧠 Память
2026-08-15 23:29:18,793 - 🕐 Время и погода
2026-08-15 23:29:18,793 - ==================================================
2026-08-15 23:29:18,793 - 🧠 Загрузка faster-whisper...
2026-08-15 23:29:19,325 - HTTP Request: GET https://huggingface.co/api/models/Systran/faster-whisper-medium/revision/main "HTTP/1.1 200 OK"
2026-08-15 23:29:59,974 - 🧠 Загружено 0 фактов
2026-08-15 23:29:59,974 - ==================================================
2026-08-15 23:29:59,974 - 🌟 АУРА с faster-whisper
2026-08-15 23:29:59,974 - 🌐 Управление браузером
2026-08-15 23:29:59,974 - 🎵 Музыка
2026-08-15 23:29:59,974 - 🧠 Память
2026-08-15 23:29:59,974 - 🕐 Время и погода
2026-08-15 23:29:59,974 - ==================================================
2026-08-15 23:29:59,974 - 🧠 Загрузка faster-whisper...
2026-08-15 23:30:00,530 - HTTP Request: GET https://huggingface.co/api/models/Systran/faster-whisper-medium/revision/main "HTTP/1.1 200 OK"
2026-08-15 23:32:12,384 - 🧠 Загружено 0 фактов
2026-08-15 23:32:12,384 - ==================================================
2026-08-15 23:32:12,384 - 🌟 АУРА с faster-whisper
2026-08-15 23:32:12,384 - 🌐 Управление браузером
2026-08-15 23:32:12,384 - 🎵 Музыка
2026-08-15 23:32:12,384 - 🧠 Память
2026-08-15 23:32:12,384 - 🕐 Время и погода
2026-08-15 23:32:12,384 - ==================================================
2026-08-15 23:32:12,384 - 🧠 Загрузка faster-whisper...
2026-08-15 23:32:12,936 - HTTP Request: GET https://huggingface.co/api/models/Systran/faster-whisper-medium/revision/main "HTTP/1.1 200 OK"
2026-08-15 23:32:14,666 - 🧠 Модель загружена
2026-08-15 23:32:14,666 - 🌟 АУРА ФИНАЛ запущена!
2026-08-15 23:32:15,733 - 🎤 Слушаю...
2026-08-15 23:32:17,568 - Processing audio with duration 00:03.713
2026-08-15 23:32:17,596 - ⚠️ Ошибка: Library libcublas.so.12 is not found or cannot be loaded
2026-08-15 23:32:18,305 - 🎤 Слушаю...
2026-08-15 23:32:20,097 - Processing audio with duration 00:03.201
2026-08-15 23:32:20,118 - ⚠️ Ошибка: Library libcublas.so.12 is not found or cannot be loaded
2026-08-15 23:32:21,150 - 🎤 Слушаю...
2026-08-15 23:32:23,539 - Processing audio with duration 00:03.137
2026-08-15 23:32:23,561 - ⚠️ Ошибка: Library libcublas.so.12 is not found or cannot be loaded
2026-08-15 23:32:24,782 - 🎤 Слушаю...
2026-08-15 23:32:26,511 - Processing audio with duration 00:03.073
2026-08-15 23:32:26,528 - ⚠️ Ошибка: Library libcublas.so.12 is not found or cannot be loaded
2026-08-15 23:32:27,298 - 🎤 Слушаю...
2026-08-15 23:32:28,963 - Processing audio with duration 00:03.009
2026-08-15 23:32:28,974 - ⚠️ Ошибка: Library libcublas.so.12 is not found or cannot be loaded
2026-08-15 23:32:30,073 - 🎤 Слушаю...
2026-08-15 23:32:31,887 - Processing audio with duration 00:03.201
2026-08-15 23:32:31,896 - ⚠️ Ошибка: Library libcublas.so.12 is not found or cannot be loaded
2026-08-15 23:32:32,719 - 🎤 Слушаю...
2026-08-15 23:32:34,874 - Processing audio with duration 00:03.265
2026-08-15 23:32:34,898 - ⚠️ Ошибка: Library libcublas.so.12 is not found or cannot be loaded
2026-08-15 23:32:35,725 - 🎤 Слушаю...
2026-08-15 23:32:37,218 - Processing audio with duration 00:03.073
2026-08-15 23:32:37,229 - ⚠️ Ошибка: Library libcublas.so.12 is not found or cannot be loaded
2026-08-15 23:32:37,985 - 🎤 Слушаю...
2026-08-15 23:32:39,820 - Processing audio with duration 00:03.777
2026-08-15 23:32:39,831 - ⚠️ Ошибка: Library libcublas.so.12 is not found or cannot be loaded
2026-08-15 23:32:40,635 - 🎤 Слушаю...
2026-08-15 23:32:43,943 - Processing audio with duration 00:05.953
2026-08-15 23:32:43,959 - ⚠️ Ошибка: Library libcublas.so.12 is not found or cannot be loaded
2026-08-15 23:32:44,936 - 🎤 Слушаю...
2026-08-15 23:32:47,795 - Processing audio with duration 00:04.481
2026-08-15 23:32:47,806 - ⚠️ Ошибка: Library libcublas.so.12 is not found or cannot be loaded
2026-08-15 23:32:48,763 - 🎤 Слушаю...
2026-08-15 23:32:54,544 - Processing audio with duration 00:12.033
2026-08-15 23:32:54,559 - ⚠️ Ошибка: Library libcublas.so.12 is not found or cannot be loaded
2026-08-15 23:32:55,584 - 🎤 Слушаю...
2026-08-15 23:33:00,000 - Processing audio with duration 00:08.705
2026-08-15 23:33:00,013 - ⚠️ Ошибка: Library libcublas.so.12 is not found or cannot be loaded
2026-08-15 23:33:00,992 - 🎤 Слушаю...
2026-08-15 23:33:02,976 - Processing audio with duration 00:03.073
2026-08-15 23:33:02,986 - ⚠️ Ошибка: Library libcublas.so.12 is not found or cannot be loaded
2026-08-15 23:33:03,955 - 🎤 Слушаю...
2026-08-15 23:33:05,944 - 
👋 До свидания, Создатель!
2026-08-15 23:35:48,274 - 🧠 Загружено 0 фактов
2026-08-15 23:35:48,274 - ==================================================
2026-08-15 23:35:48,274 - 🌟 АУРА с faster-whisper
2026-08-15 23:35:48,274 - 🌐 Управление браузером
2026-08-15 23:35:48,274 - 🎵 Музыка
2026-08-15 23:35:48,274 - 🧠 Память
2026-08-15 23:35:48,274 - 🕐 Время и погода
2026-08-15 23:35:48,274 - ==================================================
2026-08-15 23:35:48,274 - 🧠 Загрузка faster-whisper...
2026-08-15 23:35:48,832 - HTTP Request: GET https://huggingface.co/api/models/Systran/faster-whisper-medium/revision/main "HTTP/1.1 200 OK"
2026-08-15 23:35:50,614 - 🧠 Модель загружена
2026-08-15 23:35:50,614 - 🌟 АУРА ФИНАЛ запущена!
2026-08-15 23:35:51,452 - 🎤 Слушаю...
2026-08-15 23:35:55,058 - Processing audio with duration 00:05.953
2026-08-15 23:35:55,087 - ⚠️ Ошибка: Library libcublas.so.12 is not found or cannot be loaded
2026-08-15 23:35:56,018 - 🎤 Слушаю...
2026-08-15 23:35:59,283 - Processing audio with duration 00:05.889
2026-08-15 23:35:59,294 - ⚠️ Ошибка: Library libcublas.so.12 is not found or cannot be loaded
2026-08-15 23:36:00,214 - 🎤 Слушаю...
